SonarScanner for .NET 11.2.1
Using the .NET Core version of the Scanner for .NET
Pre-processing started.
Preparing working directories...
11:09:24.284  Updating build integration targets...
11:09:25.152  Using SonarCloud.
11:09:25.903  Fetching analysis configuration settings...
11:09:28.118  Provisioning analyzer assemblies for cs...
11:09:28.118  Installing required Roslyn analyzers...
11:09:28.119  Processing plugin: architecturecsharpfrontend version 3.0.1.10584
11:09:28.123  Processing plugin: csharpenterprise version 10.32.0.713
11:09:28.124  Processing plugin: securitycsharpfrontend version 11.42.0.48185
11:09:28.980  Provisioning analyzer assemblies for vbnet...
11:09:28.980  Installing required Roslyn analyzers...
11:09:28.980  Processing plugin: securityvbnetfrontend version 11.42.0.48185
11:09:28.980  Processing plugin: vbnetenterprise version 10.32.0.713
11:09:28.985  Incremental PR analysis: Base branch parameter was not provided.
11:09:28.985  Cache data is empty. A full analysis will be performed.
11:09:29.020  Pre-processing succeeded.
  Determining projects to restore...
  All projects are up-to-date for restore.
C:\Users\danew\repo\bcgov\moh-pidp\backend\services.plr-intake\Startup.cs(29,45): warning CS0618: 'FluentValidationMvcConfiguration.RegisterValidatorsFromAssemblyContaining<T>(Func<AssemblyScanner.AssemblyScanResult, bool>, ServiceLifetime, bool)' is obsolete: 'RegisterValidatorsFromAssemblyContaining is deprecated. Call services.AddValidatorsFromAssemblyContaining<T> instead, which has the same effect. See https://github.com/FluentValidation/FluentValidation/issues/1963' [C:\Users\danew\repo\bcgov\moh-pidp\backend\services.plr-intake\plr-intake.csproj]
C:\Users\danew\repo\bcgov\moh-pidp\backend\services.plr-intake\Startup.cs(28,9): warning CS0618: 'FluentValidationMvcExtensions.AddFluentValidation(IMvcBuilder, Action<FluentValidationMvcConfiguration>)' is obsolete: 'Calling AddFluentValidation() is deprecated. Call services.AddFluentValidationAutoValidation().AddFluentValidationClientsideAdapters() instead, which has the same effect. For details see https://github.com/FluentValidation/FluentValidation/issues/1965' [C:\Users\danew\repo\bcgov\moh-pidp\backend\services.plr-intake\plr-intake.csproj]
C:\Users\danew\repo\bcgov\moh-pidp\backend\services.plr-intake\Features\Intake\IntakeServiceOperationTuner.cs(56,16): warning SYSLIB0057: 'X509Certificate2.X509Certificate2(byte[])' is obsolete: 'Loading certificate data through the constructor or Import is obsolete. Use X509CertificateLoader instead to load certificates.' (https://aka.ms/dotnet-warnings/SYSLIB0057) [C:\Users\danew\repo\bcgov\moh-pidp\backend\services.plr-intake\plr-intake.csproj]
C:\Users\danew\repo\bcgov\moh-pidp\backend\services.plr-intake\appsettings.json(4,21): warning S2068: "password" detected here, make sure this is not a hard-coded credential. [C:\Users\danew\repo\bcgov\moh-pidp\backend\services.plr-intake\plr-intake.csproj]
C:\Users\danew\repo\bcgov\moh-pidp\backend\services.plr-intake\Program.cs(9,14): warning S1118: Add a 'protected' constructor or the 'static' keyword to the class declaration. [C:\Users\danew\repo\bcgov\moh-pidp\backend\services.plr-intake\plr-intake.csproj]
C:\Users\danew\repo\bcgov\moh-pidp\backend\services.plr-intake\Features\ICommand.cs(7,27): warning S2326: 'TResult' is not used in the interface. [C:\Users\danew\repo\bcgov\moh-pidp\backend\services.plr-intake\plr-intake.csproj]
C:\Users\danew\repo\bcgov\moh-pidp\backend\services.plr-intake\Features\IQuery.cs(3,25): warning S2326: 'TResult' is not used in the interface. [C:\Users\danew\repo\bcgov\moh-pidp\backend\services.plr-intake\plr-intake.csproj]
C:\Users\danew\repo\bcgov\moh-pidp\backend\services.plr-intake\Features\ICommandHandler.cs(3,34): warning S3246: Add the 'in' keyword to parameter 'TCommand' to make it 'contravariant'. [C:\Users\danew\repo\bcgov\moh-pidp\backend\services.plr-intake\plr-intake.csproj]
C:\Users\danew\repo\bcgov\moh-pidp\backend\services.plr-intake\Data\Configuration\IdentifierTypeConfiguration.cs(11,25): warning S3878: Remove this array creation and simply pass the elements. [C:\Users\danew\repo\bcgov\moh-pidp\backend\services.plr-intake\plr-intake.csproj]
C:\Users\danew\repo\bcgov\moh-pidp\backend\services.plr-intake\Features\Records\Search.cs(14,25): warning S6964: Value type property used as input in a controller action should be nullable, required or annotated with the JsonRequiredAttribute to avoid under-posting. [C:\Users\danew\repo\bcgov\moh-pidp\backend\services.plr-intake\plr-intake.csproj]
C:\Users\danew\repo\bcgov\moh-pidp\backend\services.plr-intake\Features\Records\StatusLog.cs(19,20): warning S6964: Value type property used as input in a controller action should be nullable, required or annotated with the JsonRequiredAttribute to avoid under-posting. [C:\Users\danew\repo\bcgov\moh-pidp\backend\services.plr-intake\plr-intake.csproj]
C:\Users\danew\repo\bcgov\moh-pidp\backend\services.plr-intake\Features\Records\StatusLog.cs(31,20): warning S6964: Value type property used as input in a controller action should be nullable, required or annotated with the JsonRequiredAttribute to avoid under-posting. [C:\Users\danew\repo\bcgov\moh-pidp\backend\services.plr-intake\plr-intake.csproj]
C:\Users\danew\repo\bcgov\moh-pidp\backend\services.plr-intake\Program.cs(59,22): warning CA1305: The behavior of 'LoggerSinkConfiguration.Console([LogEventLevel], [string], [IFormatProvider], [LoggingLevelSwitch], [LogEventLevel?], [ConsoleTheme], [bool], [object])' could vary based on the current user's locale settings. Provide a value for the 'IFormatProvider' argument. (https://learn.microsoft.com/dotnet/fundamentals/code-analysis/quality-rules/ca1305) [C:\Users\danew\repo\bcgov\moh-pidp\backend\services.plr-intake\plr-intake.csproj]
C:\Users\danew\repo\bcgov\moh-pidp\backend\services.plr-intake\Program.cs(71,33): warning CA1305: The behavior of 'LoggerSinkConfiguration.File(string, [LogEventLevel], [string], [IFormatProvider], [long?], [LoggingLevelSwitch], [bool], [bool], [TimeSpan?], [RollingInterval], [bool], [int?], [Encoding], [FileLifecycleHooks], [TimeSpan?])' could vary based on the current user's locale settings. Provide a value for the 'IFormatProvider' argument. (https://learn.microsoft.com/dotnet/fundamentals/code-analysis/quality-rules/ca1305) [C:\Users\danew\repo\bcgov\moh-pidp\backend\services.plr-intake\plr-intake.csproj]
C:\Users\danew\repo\bcgov\moh-pidp\backend\services.plr-intake\Features\Records\RecordsController.cs(27,30): warning ASP0018: Unused route parameter 'statusChangeLogId' (https://aka.ms/aspnet/analyzers) [C:\Users\danew\repo\bcgov\moh-pidp\backend\services.plr-intake\plr-intake.csproj]
  plr-intake -> C:\Users\danew\repo\bcgov\moh-pidp\backend\services.plr-intake\bin\Debug\net10.0\plr-intake.dll
  Sonar: (plr-intake.csproj) Project processed successfully
C:\Users\danew\repo\bcgov\moh-pidp\backend\services.plr-intake.tests\Features\Records\Search.cs(58,6): warning xUnit1042: The member referenced by the MemberData attribute returns untyped data rows, such as object[]. Consider using TheoryData<> as the return type to provide better type safety. (https://xunit.net/xunit.analyzers/rules/xUnit1042) [C:\Users\danew\repo\bcgov\moh-pidp\backend\services.plr-intake.tests\plr-intake.tests.csproj]
  plr-intake.tests -> C:\Users\danew\repo\bcgov\moh-pidp\backend\services.plr-intake.tests\bin\Debug\net10.0\plr-intake.tests.dll
  Sonar: (plr-intake.tests.csproj) Project processed successfully
C:\Users\danew\repo\bcgov\moh-pidp\backend\webapi\Features\EndorsementRequests\EmailSearch.cs(33,33): warning CS8602: Dereference of a possibly null reference. [C:\Users\danew\repo\bcgov\moh-pidp\backend\webapi\pidp.csproj]
C:\Users\danew\repo\bcgov\moh-pidp\backend\webapi\Features\Discovery\Discovery.cs(60,28): warning CS8602: Dereference of a possibly null reference. [C:\Users\danew\repo\bcgov\moh-pidp\backend\webapi\pidp.csproj]
C:\Users\danew\repo\bcgov\moh-pidp\backend\webapi\Features\EndorsementRequests\Create.cs(84,37): warning CS8602: Dereference of a possibly null reference. [C:\Users\danew\repo\bcgov\moh-pidp\backend\webapi\pidp.csproj]
C:\Users\danew\repo\bcgov\moh-pidp\backend\webapi\Infrastructure\Services\PharmacyStaffDeactivationService.cs(78,39): warning CS8629: Nullable value type may be null. [C:\Users\danew\repo\bcgov\moh-pidp\backend\webapi\pidp.csproj]
C:\Users\danew\repo\bcgov\moh-pidp\backend\webapi\Features\Pharmacies\StaffDetails.cs(45,27): warning CS8602: Dereference of a possibly null reference. [C:\Users\danew\repo\bcgov\moh-pidp\backend\webapi\pidp.csproj]
C:\Users\danew\repo\bcgov\moh-pidp\backend\webapi\Infrastructure\Queue\RabbitMqConsumerHostedService.cs(43,15): warning CS8602: Dereference of a possibly null reference. [C:\Users\danew\repo\bcgov\moh-pidp\backend\webapi\pidp.csproj]
C:\Users\danew\repo\bcgov\moh-pidp\backend\webapi\Features\Credentials\Create.cs(77,28): warning CS8602: Dereference of a possibly null reference. [C:\Users\danew\repo\bcgov\moh-pidp\backend\webapi\pidp.csproj]
C:\Users\danew\repo\bcgov\moh-pidp\backend\webapi\appsettings.json(21,22): warning S2068: "password" detected here, make sure this is not a hard-coded credential. [C:\Users\danew\repo\bcgov\moh-pidp\backend\webapi\pidp.csproj]
C:\Users\danew\repo\bcgov\moh-pidp\backend\webapi\Data\PidpDbContext.cs(102,5): warning S125: Remove this commented out code. [C:\Users\danew\repo\bcgov\moh-pidp\backend\webapi\pidp.csproj]
C:\Users\danew\repo\bcgov\moh-pidp\backend\webapi\Features\AddressAutocomplete\Find.cs(23,12): warning S1135: Complete the task associated to this 'TODO' comment. [C:\Users\danew\repo\bcgov\moh-pidp\backend\webapi\pidp.csproj]
C:\Users\danew\repo\bcgov\moh-pidp\backend\webapi\Features\AddressAutocomplete\Retrieve.cs(23,12): warning S1135: Complete the task associated to this 'TODO' comment. [C:\Users\danew\repo\bcgov\moh-pidp\backend\webapi\pidp.csproj]
C:\Users\danew\repo\bcgov\moh-pidp\backend\webapi\Features\CommonHandlers\PlrCpnLookupFoundHandlers.cs(21,12): warning S1135: Complete the task associated to this 'TODO' comment. [C:\Users\danew\repo\bcgov\moh-pidp\backend\webapi\pidp.csproj]
C:\Users\danew\repo\bcgov\moh-pidp\backend\webapi\Features\CommonHandlers\PlrCpnLookupFoundHandlers.cs(40,12): warning S1135: Complete the task associated to this 'TODO' comment. [C:\Users\danew\repo\bcgov\moh-pidp\backend\webapi\pidp.csproj]
C:\Users\danew\repo\bcgov\moh-pidp\backend\webapi\Features\Credentials\BCProvider.Create.cs(135,16): warning S1135: Complete the task associated to this 'TODO' comment. [C:\Users\danew\repo\bcgov\moh-pidp\backend\webapi\pidp.csproj]
C:\Users\danew\repo\bcgov\moh-pidp\backend\webapi\Features\EndorsementRequests\Approve.cs(95,16): warning S1135: Complete the task associated to this 'TODO' comment. [C:\Users\danew\repo\bcgov\moh-pidp\backend\webapi\pidp.csproj]
C:\Users\danew\repo\bcgov\moh-pidp\backend\webapi\Features\Endorsements\Cancel.cs(63,16): warning S1135: Complete the task associated to this 'TODO' comment. [C:\Users\danew\repo\bcgov\moh-pidp\backend\webapi\pidp.csproj]
C:\Users\danew\repo\bcgov\moh-pidp\backend\webapi\Features\Parties\Demographics.cs(50,70): warning S1135: Complete the task associated to this 'TODO' comment. [C:\Users\danew\repo\bcgov\moh-pidp\backend\webapi\pidp.csproj]
C:\Users\danew\repo\bcgov\moh-pidp\backend\webapi\Features\Parties\Demographics.cs(92,20): warning S1135: Complete the task associated to this 'TODO' comment. [C:\Users\danew\repo\bcgov\moh-pidp\backend\webapi\pidp.csproj]
C:\Users\danew\repo\bcgov\moh-pidp\backend\webapi\Features\Parties\Demographics.cs(118,16): warning S1135: Complete the task associated to this 'TODO' comment. [C:\Users\danew\repo\bcgov\moh-pidp\backend\webapi\pidp.csproj]
C:\Users\danew\repo\bcgov\moh-pidp\backend\webapi\Infrastructure\HttpClients\AddressAutocomplete\AddressAutocompleteClient.cs(21,13): warning S125: Remove this commented out code. [C:\Users\danew\repo\bcgov\moh-pidp\backend\webapi\pidp.csproj]
C:\Users\danew\repo\bcgov\moh-pidp\backend\webapi\Infrastructure\HttpClients\AddressAutocomplete\AddressAutocompleteClient.cs(39,13): warning S125: Remove this commented out code. [C:\Users\danew\repo\bcgov\moh-pidp\backend\webapi\pidp.csproj]
C:\Users\danew\repo\bcgov\moh-pidp\backend\webapi\Infrastructure\HttpClients\BaseClient.cs(154,17): warning S125: Remove this commented out code. [C:\Users\danew\repo\bcgov\moh-pidp\backend\webapi\pidp.csproj]
C:\Users\danew\repo\bcgov\moh-pidp\backend\webapi\Infrastructure\HttpClients\BaseClient.cs(152,20): warning S1135: Complete the task associated to this 'TODO' comment. [C:\Users\danew\repo\bcgov\moh-pidp\backend\webapi\pidp.csproj]
C:\Users\danew\repo\bcgov\moh-pidp\backend\webapi\Infrastructure\HttpClients\BearerTokenHandler.cs(12,12): warning S1135: Complete the task associated to this 'TODO' comment. [C:\Users\danew\repo\bcgov\moh-pidp\backend\webapi\pidp.csproj]
C:\Users\danew\repo\bcgov\moh-pidp\backend\webapi\Infrastructure\HttpClients\HttpClientSetup.cs(28,16): warning S1135: Complete the task associated to this 'TODO' comment. [C:\Users\danew\repo\bcgov\moh-pidp\backend\webapi\pidp.csproj]
C:\Users\danew\repo\bcgov\moh-pidp\backend\webapi\Infrastructure\HttpClients\Keycloak\KeycloakAdministrationClient.cs(5,4): warning S1135: Complete the task associated to this 'TODO' comment. [C:\Users\danew\repo\bcgov\moh-pidp\backend\webapi\pidp.csproj]
C:\Users\danew\repo\bcgov\moh-pidp\backend\webapi\Infrastructure\HttpClients\Ldap\LdapApiDefinitions.cs(11,1): warning S125: Remove this commented out code. [C:\Users\danew\repo\bcgov\moh-pidp\backend\webapi\pidp.csproj]
C:\Users\danew\repo\bcgov\moh-pidp\backend\webapi\Infrastructure\Services\PidpAuthorizationService.cs(40,12): warning S1135: Complete the task associated to this 'TODO' comment. [C:\Users\danew\repo\bcgov\moh-pidp\backend\webapi\pidp.csproj]
C:\Users\danew\repo\bcgov\moh-pidp\backend\webapi\Infrastructure\Services\PidpAuthorizationService.cs(51,12): warning S1135: Complete the task associated to this 'TODO' comment. [C:\Users\danew\repo\bcgov\moh-pidp\backend\webapi\pidp.csproj]
C:\Users\danew\repo\bcgov\moh-pidp\backend\webapi\Infrastructure\Services\PlrStatusUpdateService.cs(34,16): warning S1135: Complete the task associated to this 'TODO' comment. [C:\Users\danew\repo\bcgov\moh-pidp\backend\webapi\pidp.csproj]
C:\Users\danew\repo\bcgov\moh-pidp\backend\webapi\Models\Party.cs(109,12): warning S1135: Complete the task associated to this 'TODO' comment. [C:\Users\danew\repo\bcgov\moh-pidp\backend\webapi\pidp.csproj]
C:\Users\danew\repo\bcgov\moh-pidp\backend\webapi\Startup.cs(171,9): warning S125: Remove this commented out code. [C:\Users\danew\repo\bcgov\moh-pidp\backend\webapi\pidp.csproj]
C:\Users\danew\repo\bcgov\moh-pidp\backend\webapi\Program.cs(10,14): warning S1118: Add a 'protected' constructor or the 'static' keyword to the class declaration. [C:\Users\danew\repo\bcgov\moh-pidp\backend\webapi\pidp.csproj]
C:\Users\danew\repo\bcgov\moh-pidp\backend\webapi\Features\Admin\PartyDelete.cs(54,84): warning S6672: Update this logger to use its enclosing type. [C:\Users\danew\repo\bcgov\moh-pidp\backend\webapi\pidp.csproj]
C:\Users\danew\repo\bcgov\moh-pidp\backend\webapi\Infrastructure\HttpClients\ClientCredentials.cs(5,14): warning S2094: Remove this empty class, write its code or make it an "interface". [C:\Users\danew\repo\bcgov\moh-pidp\backend\webapi\pidp.csproj]
C:\Users\danew\repo\bcgov\moh-pidp\backend\webapi\Infrastructure\HttpClients\ClientCredentials.cs(6,14): warning S2094: Remove this empty class, write its code or make it an "interface". [C:\Users\danew\repo\bcgov\moh-pidp\backend\webapi\pidp.csproj]
C:\Users\danew\repo\bcgov\moh-pidp\backend\webapi\Models\Lookups\ILookupDataGenerator.cs(3,39): warning S3246: Add the 'out' keyword to parameter 'T' to make it 'covariant'. [C:\Users\danew\repo\bcgov\moh-pidp\backend\webapi\pidp.csproj]
C:\Users\danew\repo\bcgov\moh-pidp\backend\webapi\Infrastructure\HttpClients\Mail\ChesApiDefinitions.cs(5,66): warning S3604: Remove the member initializer, all constructors set an initial value for the member. [C:\Users\danew\repo\bcgov\moh-pidp\backend\webapi\pidp.csproj]
C:\Users\danew\repo\bcgov\moh-pidp\backend\webapi\Infrastructure\HttpClients\Mail\ChesApiDefinitions.cs(8,38): warning S3604: Remove the member initializer, all constructors set an initial value for the member. [C:\Users\danew\repo\bcgov\moh-pidp\backend\webapi\pidp.csproj]
C:\Users\danew\repo\bcgov\moh-pidp\backend\webapi\Infrastructure\HttpClients\Mail\ChesApiDefinitions.cs(9,49): warning S3604: Remove the member initializer, all constructors set an initial value for the member. [C:\Users\danew\repo\bcgov\moh-pidp\backend\webapi\pidp.csproj]
C:\Users\danew\repo\bcgov\moh-pidp\backend\webapi\Infrastructure\HttpClients\Mail\ChesApiDefinitions.cs(14,41): warning S3604: Remove the member initializer, all constructors set an initial value for the member. [C:\Users\danew\repo\bcgov\moh-pidp\backend\webapi\pidp.csproj]
C:\Users\danew\repo\bcgov\moh-pidp\backend\webapi\Features\ICommand.cs(7,27): warning S2326: 'TResult' is not used in the interface. [C:\Users\danew\repo\bcgov\moh-pidp\backend\webapi\pidp.csproj]
C:\Users\danew\repo\bcgov\moh-pidp\backend\webapi\Features\IQuery.cs(3,25): warning S2326: 'TResult' is not used in the interface. [C:\Users\danew\repo\bcgov\moh-pidp\backend\webapi\pidp.csproj]
C:\Users\danew\repo\bcgov\moh-pidp\backend\webapi\Features\IRequestHandler.cs(7,34): warning S3246: Add the 'in' keyword to parameter 'TRequest' to make it 'contravariant'. [C:\Users\danew\repo\bcgov\moh-pidp\backend\webapi\pidp.csproj]
C:\Users\danew\repo\bcgov\moh-pidp\backend\webapi\Features\Parties\LicenceDeclaration.cs(68,100): warning S6672: Update this logger to use its enclosing type. [C:\Users\danew\repo\bcgov\moh-pidp\backend\webapi\pidp.csproj]
C:\Users\danew\repo\bcgov\moh-pidp\backend\webapi\Features\Parties\ProfileStatus.cs(38,41): warning S2365: Refactor 'Alerts' into a method, properties should not copy collections. [C:\Users\danew\repo\bcgov\moh-pidp\backend\webapi\pidp.csproj]
C:\Users\danew\repo\bcgov\moh-pidp\backend\webapi\Features\Parties\ProfileStatus.Model.cs(66,51): warning S1192: Define a constant instead of using this literal 'doctors' 8 times. [C:\Users\danew\repo\bcgov\moh-pidp\backend\webapi\pidp.csproj]
C:\Users\danew\repo\bcgov\moh-pidp\backend\webapi\Features\Parties\ProfileStatus.Model.cs(66,62): warning S1192: Define a constant instead of using this literal 'nursing' 6 times. [C:\Users\danew\repo\bcgov\moh-pidp\backend\webapi\pidp.csproj]
C:\Users\danew\repo\bcgov\moh-pidp\backend\webapi\Features\AccessRequests\Index.cs(14,20): warning S6964: Value type property used as input in a controller action should be nullable, required or annotated with the JsonRequiredAttribute to avoid under-posting. [C:\Users\danew\repo\bcgov\moh-pidp\backend\webapi\pidp.csproj]
C:\Users\danew\repo\bcgov\moh-pidp\backend\webapi\Features\AccessRequests\Index.cs(19,20): warning S6964: Value type property used as input in a controller action should be nullable, required or annotated with the JsonRequiredAttribute to avoid under-posting. [C:\Users\danew\repo\bcgov\moh-pidp\backend\webapi\pidp.csproj]
C:\Users\danew\repo\bcgov\moh-pidp\backend\webapi\Features\AccessRequests\Index.cs(20,31): warning S6964: Value type property used as input in a controller action should be nullable, required or annotated with the JsonRequiredAttribute to avoid under-posting. [C:\Users\danew\repo\bcgov\moh-pidp\backend\webapi\pidp.csproj]
C:\Users\danew\repo\bcgov\moh-pidp\backend\webapi\Features\AccessRequests\Index.cs(21,24): warning S6964: Value type property used as input in a controller action should be nullable, required or annotated with the JsonRequiredAttribute to avoid under-posting. [C:\Users\danew\repo\bcgov\moh-pidp\backend\webapi\pidp.csproj]
C:\Users\danew\repo\bcgov\moh-pidp\backend\webapi\Data\PidpDbContext.cs(66,32): warning S3267: Loop should be simplified by calling Select(entity => entity.DomainEvents)) [C:\Users\danew\repo\bcgov\moh-pidp\backend\webapi\pidp.csproj]
C:\Users\danew\repo\bcgov\moh-pidp\backend\webapi\Features\AccessRequests\DriverFitness.cs(21,20): warning S6964: Value type property used as input in a controller action should be nullable, required or annotated with the JsonRequiredAttribute to avoid under-posting. [C:\Users\danew\repo\bcgov\moh-pidp\backend\webapi\pidp.csproj]
C:\Users\danew\repo\bcgov\moh-pidp\backend\webapi\Features\VerifiedEmails\Create.cs(26,21): warning S6964: Value type property used as input in a controller action should be nullable, required or annotated with the JsonRequiredAttribute to avoid under-posting. [C:\Users\danew\repo\bcgov\moh-pidp\backend\webapi\pidp.csproj]
C:\Users\danew\repo\bcgov\moh-pidp\backend\webapi\Features\VerifiedEmails\Verify.cs(19,21): warning S6964: Value type property used as input in a controller action should be nullable, required or annotated with the JsonRequiredAttribute to avoid under-posting. [C:\Users\danew\repo\bcgov\moh-pidp\backend\webapi\pidp.csproj]
C:\Users\danew\repo\bcgov\moh-pidp\backend\webapi\Features\Banners\Index.cs(20,29): warning S6964: Value type property used as input in a controller action should be nullable, required or annotated with the JsonRequiredAttribute to avoid under-posting. [C:\Users\danew\repo\bcgov\moh-pidp\backend\webapi\pidp.csproj]
C:\Users\danew\repo\bcgov\moh-pidp\backend\webapi\Features\VerifiedEmails\Create.cs(51,66): warning CA1309: Use ordinal string comparison (https://learn.microsoft.com/dotnet/fundamentals/code-analysis/quality-rules/ca1309) [C:\Users\danew\repo\bcgov\moh-pidp\backend\webapi\pidp.csproj]
C:\Users\danew\repo\bcgov\moh-pidp\backend\webapi\Features\ClientLogs\Create.cs(14,25): warning S6964: Value type property used as input in a controller action should be nullable, required or annotated with the JsonRequiredAttribute to avoid under-posting. [C:\Users\danew\repo\bcgov\moh-pidp\backend\webapi\pidp.csproj]
C:\Users\danew\repo\bcgov\moh-pidp\backend\webapi\Features\AccessRequests\ImmsBCEforms.cs(29,20): warning S6964: Value type property used as input in a controller action should be nullable, required or annotated with the JsonRequiredAttribute to avoid under-posting. [C:\Users\danew\repo\bcgov\moh-pidp\backend\webapi\pidp.csproj]
C:\Users\danew\repo\bcgov\moh-pidp\backend\webapi\Infrastructure\Services\PlrStatusUpdateService.cs(29,23): warning S3776: Refactor this method to reduce its Cognitive Complexity from 19 to the 15 allowed. [C:\Users\danew\repo\bcgov\moh-pidp\backend\webapi\pidp.csproj]
C:\Users\danew\repo\bcgov\moh-pidp\backend\webapi\Features\AccessRequests\InfantRsvEforms.cs(29,20): warning S6964: Value type property used as input in a controller action should be nullable, required or annotated with the JsonRequiredAttribute to avoid under-posting. [C:\Users\danew\repo\bcgov\moh-pidp\backend\webapi\pidp.csproj]
C:\Users\danew\repo\bcgov\moh-pidp\backend\webapi\Features\AccessRequests\HcimAccountTransfer.cs(31,60): warning S6964: Value type property used as input in a controller action should be nullable, required or annotated with the JsonRequiredAttribute to avoid under-posting. [C:\Users\danew\repo\bcgov\moh-pidp\backend\webapi\pidp.csproj]
C:\Users\danew\repo\bcgov\moh-pidp\backend\webapi\Features\AccessRequests\MSTeamsClinicMember.cs(26,20): warning S6964: Value type property used as input in a controller action should be nullable, required or annotated with the JsonRequiredAttribute to avoid under-posting. [C:\Users\danew\repo\bcgov\moh-pidp\backend\webapi\pidp.csproj]
C:\Users\danew\repo\bcgov\moh-pidp\backend\webapi\Features\AccessRequests\ProviderReportingPortal.cs(21,20): warning S6964: Value type property used as input in a controller action should be nullable, required or annotated with the JsonRequiredAttribute to avoid under-posting. [C:\Users\danew\repo\bcgov\moh-pidp\backend\webapi\pidp.csproj]
C:\Users\danew\repo\bcgov\moh-pidp\backend\webapi\Features\AccessRequests\SAEforms.cs(30,20): warning S6964: Value type property used as input in a controller action should be nullable, required or annotated with the JsonRequiredAttribute to avoid under-posting. [C:\Users\danew\repo\bcgov\moh-pidp\backend\webapi\pidp.csproj]
C:\Users\danew\repo\bcgov\moh-pidp\backend\webapi\Features\Admin\PartyIndex.cs(15,20): warning S6964: Value type property used as input in a controller action should be nullable, required or annotated with the JsonRequiredAttribute to avoid under-posting. [C:\Users\danew\repo\bcgov\moh-pidp\backend\webapi\pidp.csproj]
C:\Users\danew\repo\bcgov\moh-pidp\backend\webapi\Features\Admin\PartyIndex.cs(18,21): warning S6964: Value type property used as input in a controller action should be nullable, required or annotated with the JsonRequiredAttribute to avoid under-posting. [C:\Users\danew\repo\bcgov\moh-pidp\backend\webapi\pidp.csproj]
C:\Users\danew\repo\bcgov\moh-pidp\backend\webapi\Features\AccessRequests\UserAccessAgreement.cs(18,20): warning S6964: Value type property used as input in a controller action should be nullable, required or annotated with the JsonRequiredAttribute to avoid under-posting. [C:\Users\danew\repo\bcgov\moh-pidp\backend\webapi\pidp.csproj]
C:\Users\danew\repo\bcgov\moh-pidp\backend\webapi\Infrastructure\Services\PlrStatusUpdateService.cs(45,37): warning S8733: Call 'AsSplitQuery' to avoid multiplying rows by including 'Credentials' and 'InvitedEntraAccounts' in the same query (a Cartesian explosion). [C:\Users\danew\repo\bcgov\moh-pidp\backend\webapi\pidp.csproj]
C:\Users\danew\repo\bcgov\moh-pidp\backend\webapi\Features\Admin\CredentialDelete.cs(14,20): warning S6964: Value type property used as input in a controller action should be nullable, required or annotated with the JsonRequiredAttribute to avoid under-posting. [C:\Users\danew\repo\bcgov\moh-pidp\backend\webapi\pidp.csproj]
C:\Users\danew\repo\bcgov\moh-pidp\backend\webapi\Features\Admin\CredentialDelete.cs(15,20): warning S6964: Value type property used as input in a controller action should be nullable, required or annotated with the JsonRequiredAttribute to avoid under-posting. [C:\Users\danew\repo\bcgov\moh-pidp\backend\webapi\pidp.csproj]
C:\Users\danew\repo\bcgov\moh-pidp\backend\webapi\Features\Admin\CredentialDelete.cs(16,21): warning S6964: Value type property used as input in a controller action should be nullable, required or annotated with the JsonRequiredAttribute to avoid under-posting. [C:\Users\danew\repo\bcgov\moh-pidp\backend\webapi\pidp.csproj]
C:\Users\danew\repo\bcgov\moh-pidp\backend\webapi\Features\Admin\PartyDelete.cs(29,41): warning S8733: Call 'AsSplitQuery' to avoid multiplying rows by including 'Credentials' and 'AccessRequests' in the same query (a Cartesian explosion). [C:\Users\danew\repo\bcgov\moh-pidp\backend\webapi\pidp.csproj]
C:\Users\danew\repo\bcgov\moh-pidp\backend\webapi\Features\Admin\CredentialDelete.cs(38,17): warning S1066: Merge this if statement with the enclosing one. [C:\Users\danew\repo\bcgov\moh-pidp\backend\webapi\pidp.csproj]
C:\Users\danew\repo\bcgov\moh-pidp\backend\webapi\Models\Party.cs(85,50): warning CA1309: Use ordinal string comparison (https://learn.microsoft.com/dotnet/fundamentals/code-analysis/quality-rules/ca1309) [C:\Users\danew\repo\bcgov\moh-pidp\backend\webapi\pidp.csproj]
C:\Users\danew\repo\bcgov\moh-pidp\backend\webapi\Features\Feedback\Create.cs(15,20): warning S6964: Value type property used as input in a controller action should be nullable, required or annotated with the JsonRequiredAttribute to avoid under-posting. [C:\Users\danew\repo\bcgov\moh-pidp\backend\webapi\pidp.csproj]
C:\Users\danew\repo\bcgov\moh-pidp\backend\webapi\Features\Discovery\DiscoveryController.cs(30,17): warning S2092: Set the 'Secure' flag on this cookie. [C:\Users\danew\repo\bcgov\moh-pidp\backend\webapi\pidp.csproj]
C:\Users\danew\repo\bcgov\moh-pidp\backend\webapi\Features\Discovery\Destination.cs(14,20): warning S6964: Value type property used as input in a controller action should be nullable, required or annotated with the JsonRequiredAttribute to avoid under-posting. [C:\Users\danew\repo\bcgov\moh-pidp\backend\webapi\pidp.csproj]
C:\Users\danew\repo\bcgov\moh-pidp\backend\webapi\Features\Discovery\Destination.cs(26,32): warning S6964: Value type property used as input in a controller action should be nullable, required or annotated with the JsonRequiredAttribute to avoid under-posting. [C:\Users\danew\repo\bcgov\moh-pidp\backend\webapi\pidp.csproj]
C:\Users\danew\repo\bcgov\moh-pidp\backend\webapi\Features\Discovery\Discovery.cs(39,27): warning S6964: Value type property used as input in a controller action should be nullable, required or annotated with the JsonRequiredAttribute to avoid under-posting. [C:\Users\danew\repo\bcgov\moh-pidp\backend\webapi\pidp.csproj]
C:\Users\danew\repo\bcgov\moh-pidp\backend\webapi\Features\Credentials\CredentialsController.cs(38,13): warning S2092: Set the 'Secure' flag on this cookie. [C:\Users\danew\repo\bcgov\moh-pidp\backend\webapi\pidp.csproj]
C:\Users\danew\repo\bcgov\moh-pidp\backend\webapi\Features\Endorsements\Index.cs(15,20): warning S6964: Value type property used as input in a controller action should be nullable, required or annotated with the JsonRequiredAttribute to avoid under-posting. [C:\Users\danew\repo\bcgov\moh-pidp\backend\webapi\pidp.csproj]
C:\Users\danew\repo\bcgov\moh-pidp\backend\webapi\Features\Endorsements\Index.cs(20,20): warning S6964: Value type property used as input in a controller action should be nullable, required or annotated with the JsonRequiredAttribute to avoid under-posting. [C:\Users\danew\repo\bcgov\moh-pidp\backend\webapi\pidp.csproj]
C:\Users\danew\repo\bcgov\moh-pidp\backend\webapi\Features\Endorsements\Index.cs(23,24): warning S6964: Value type property used as input in a controller action should be nullable, required or annotated with the JsonRequiredAttribute to avoid under-posting. [C:\Users\danew\repo\bcgov\moh-pidp\backend\webapi\pidp.csproj]
C:\Users\danew\repo\bcgov\moh-pidp\backend\webapi\Features\Endorsements\MSTeamsPrivacyOfficers.cs(15,20): warning S6964: Value type property used as input in a controller action should be nullable, required or annotated with the JsonRequiredAttribute to avoid under-posting. [C:\Users\danew\repo\bcgov\moh-pidp\backend\webapi\pidp.csproj]
C:\Users\danew\repo\bcgov\moh-pidp\backend\webapi\Features\Endorsements\MSTeamsPrivacyOfficers.cs(21,20): warning S6964: Value type property used as input in a controller action should be nullable, required or annotated with the JsonRequiredAttribute to avoid under-posting. [C:\Users\danew\repo\bcgov\moh-pidp\backend\webapi\pidp.csproj]
C:\Users\danew\repo\bcgov\moh-pidp\backend\webapi\Features\Credentials\Index.cs(12,20): warning S6964: Value type property used as input in a controller action should be nullable, required or annotated with the JsonRequiredAttribute to avoid under-posting. [C:\Users\danew\repo\bcgov\moh-pidp\backend\webapi\pidp.csproj]
C:\Users\danew\repo\bcgov\moh-pidp\backend\webapi\Features\Credentials\Index.cs(17,20): warning S6964: Value type property used as input in a controller action should be nullable, required or annotated with the JsonRequiredAttribute to avoid under-posting. [C:\Users\danew\repo\bcgov\moh-pidp\backend\webapi\pidp.csproj]
C:\Users\danew\repo\bcgov\moh-pidp\backend\webapi\Features\EndorsementRequests\Index.cs(15,20): warning S6964: Value type property used as input in a controller action should be nullable, required or annotated with the JsonRequiredAttribute to avoid under-posting. [C:\Users\danew\repo\bcgov\moh-pidp\backend\webapi\pidp.csproj]
C:\Users\danew\repo\bcgov\moh-pidp\backend\webapi\Features\EndorsementRequests\Index.cs(20,20): warning S6964: Value type property used as input in a controller action should be nullable, required or annotated with the JsonRequiredAttribute to avoid under-posting. [C:\Users\danew\repo\bcgov\moh-pidp\backend\webapi\pidp.csproj]
C:\Users\danew\repo\bcgov\moh-pidp\backend\webapi\Features\EndorsementRequests\Index.cs(25,41): warning S6964: Value type property used as input in a controller action should be nullable, required or annotated with the JsonRequiredAttribute to avoid under-posting. [C:\Users\danew\repo\bcgov\moh-pidp\backend\webapi\pidp.csproj]
C:\Users\danew\repo\bcgov\moh-pidp\backend\webapi\Features\EndorsementRequests\Index.cs(26,24): warning S6964: Value type property used as input in a controller action should be nullable, required or annotated with the JsonRequiredAttribute to avoid under-posting. [C:\Users\danew\repo\bcgov\moh-pidp\backend\webapi\pidp.csproj]
C:\Users\danew\repo\bcgov\moh-pidp\backend\webapi\Features\EndorsementRequests\Index.cs(27,21): warning S6964: Value type property used as input in a controller action should be nullable, required or annotated with the JsonRequiredAttribute to avoid under-posting. [C:\Users\danew\repo\bcgov\moh-pidp\backend\webapi\pidp.csproj]
C:\Users\danew\repo\bcgov\moh-pidp\backend\webapi\Features\Credentials\BCProvider.Details.cs(14,20): warning S6964: Value type property used as input in a controller action should be nullable, required or annotated with the JsonRequiredAttribute to avoid under-posting. [C:\Users\danew\repo\bcgov\moh-pidp\backend\webapi\pidp.csproj]
C:\Users\danew\repo\bcgov\moh-pidp\backend\webapi\Features\Endorsements\Cancel.cs(20,20): warning S6964: Value type property used as input in a controller action should be nullable, required or annotated with the JsonRequiredAttribute to avoid under-posting. [C:\Users\danew\repo\bcgov\moh-pidp\backend\webapi\pidp.csproj]
C:\Users\danew\repo\bcgov\moh-pidp\backend\webapi\Features\Endorsements\Cancel.cs(21,20): warning S6964: Value type property used as input in a controller action should be nullable, required or annotated with the JsonRequiredAttribute to avoid under-posting. [C:\Users\danew\repo\bcgov\moh-pidp\backend\webapi\pidp.csproj]
C:\Users\danew\repo\bcgov\moh-pidp\backend\webapi\Features\EndorsementRequests\Create.cs(24,21): warning S6964: Value type property used as input in a controller action should be nullable, required or annotated with the JsonRequiredAttribute to avoid under-posting. [C:\Users\danew\repo\bcgov\moh-pidp\backend\webapi\pidp.csproj]
C:\Users\danew\repo\bcgov\moh-pidp\backend\webapi\Features\EndorsementRequests\Create.cs(29,21): warning S6964: Value type property used as input in a controller action should be nullable, required or annotated with the JsonRequiredAttribute to avoid under-posting. [C:\Users\danew\repo\bcgov\moh-pidp\backend\webapi\pidp.csproj]
C:\Users\danew\repo\bcgov\moh-pidp\backend\webapi\Features\EndorsementRequests\Receive.cs(20,21): warning S6964: Value type property used as input in a controller action should be nullable, required or annotated with the JsonRequiredAttribute to avoid under-posting. [C:\Users\danew\repo\bcgov\moh-pidp\backend\webapi\pidp.csproj]
C:\Users\danew\repo\bcgov\moh-pidp\backend\webapi\Features\Credentials\BCProvider.ResetMfa.cs(14,20): warning S6964: Value type property used as input in a controller action should be nullable, required or annotated with the JsonRequiredAttribute to avoid under-posting. [C:\Users\danew\repo\bcgov\moh-pidp\backend\webapi\pidp.csproj]
C:\Users\danew\repo\bcgov\moh-pidp\backend\webapi\Features\EndorsementRequests\Approve.cs(20,20): warning S6964: Value type property used as input in a controller action should be nullable, required or annotated with the JsonRequiredAttribute to avoid under-posting. [C:\Users\danew\repo\bcgov\moh-pidp\backend\webapi\pidp.csproj]
C:\Users\danew\repo\bcgov\moh-pidp\backend\webapi\Features\EndorsementRequests\Approve.cs(21,20): warning S6964: Value type property used as input in a controller action should be nullable, required or annotated with the JsonRequiredAttribute to avoid under-posting. [C:\Users\danew\repo\bcgov\moh-pidp\backend\webapi\pidp.csproj]
C:\Users\danew\repo\bcgov\moh-pidp\backend\webapi\Features\EndorsementRequests\Index.cs(70,58): warning S8969: Remove this null-forgiving operator; the compiler already knows this expression is not null here. [C:\Users\danew\repo\bcgov\moh-pidp\backend\webapi\pidp.csproj]
C:\Users\danew\repo\bcgov\moh-pidp\backend\webapi\Features\Credentials\CredentialsController.cs(126,17): warning S2092: Set the 'Secure' flag on this cookie. [C:\Users\danew\repo\bcgov\moh-pidp\backend\webapi\pidp.csproj]
C:\Users\danew\repo\bcgov\moh-pidp\backend\webapi\Features\EndorsementRequests\Decline.cs(15,20): warning S6964: Value type property used as input in a controller action should be nullable, required or annotated with the JsonRequiredAttribute to avoid under-posting. [C:\Users\danew\repo\bcgov\moh-pidp\backend\webapi\pidp.csproj]
C:\Users\danew\repo\bcgov\moh-pidp\backend\webapi\Features\EndorsementRequests\Decline.cs(16,20): warning S6964: Value type property used as input in a controller action should be nullable, required or annotated with the JsonRequiredAttribute to avoid under-posting. [C:\Users\danew\repo\bcgov\moh-pidp\backend\webapi\pidp.csproj]
C:\Users\danew\repo\bcgov\moh-pidp\backend\webapi\Features\Credentials\BCProvider.InvitedEntraAccounts.cs(12,20): warning S6964: Value type property used as input in a controller action should be nullable, required or annotated with the JsonRequiredAttribute to avoid under-posting. [C:\Users\danew\repo\bcgov\moh-pidp\backend\webapi\pidp.csproj]
C:\Users\danew\repo\bcgov\moh-pidp\backend\webapi\Features\Discovery\Discovery.cs(67,63): warning S8969: Remove this null-forgiving operator; the compiler already knows this expression is not null here. [C:\Users\danew\repo\bcgov\moh-pidp\backend\webapi\pidp.csproj]
C:\Users\danew\repo\bcgov\moh-pidp\backend\webapi\Features\EndorsementRequests\EmailSearch.cs(33,74): warning CA1309: Use ordinal string comparison (https://learn.microsoft.com/dotnet/fundamentals/code-analysis/quality-rules/ca1309) [C:\Users\danew\repo\bcgov\moh-pidp\backend\webapi\pidp.csproj]
C:\Users\danew\repo\bcgov\moh-pidp\backend\webapi\Models\CredentialLinkTicket.cs(14,16): warning S6964: Value type property used as input in a controller action should be nullable, required or annotated with the JsonRequiredAttribute to avoid under-posting. [C:\Users\danew\repo\bcgov\moh-pidp\backend\webapi\pidp.csproj]
C:\Users\danew\repo\bcgov\moh-pidp\backend\webapi\Models\CredentialLinkTicket.cs(16,17): warning S6964: Value type property used as input in a controller action should be nullable, required or annotated with the JsonRequiredAttribute to avoid under-posting. [C:\Users\danew\repo\bcgov\moh-pidp\backend\webapi\pidp.csproj]
C:\Users\danew\repo\bcgov\moh-pidp\backend\webapi\Models\CredentialLinkTicket.cs(18,16): warning S6964: Value type property used as input in a controller action should be nullable, required or annotated with the JsonRequiredAttribute to avoid under-posting. [C:\Users\danew\repo\bcgov\moh-pidp\backend\webapi\pidp.csproj]
C:\Users\danew\repo\bcgov\moh-pidp\backend\webapi\Models\Party.cs(20,16): warning S6964: Value type property used as input in a controller action should be nullable, required or annotated with the JsonRequiredAttribute to avoid under-posting. [C:\Users\danew\repo\bcgov\moh-pidp\backend\webapi\pidp.csproj]
C:\Users\danew\repo\bcgov\moh-pidp\backend\webapi\Models\PartyLicenceDeclaration.cs(13,16): warning S6964: Value type property used as input in a controller action should be nullable, required or annotated with the JsonRequiredAttribute to avoid under-posting. [C:\Users\danew\repo\bcgov\moh-pidp\backend\webapi\pidp.csproj]
C:\Users\danew\repo\bcgov\moh-pidp\backend\webapi\Models\PartyLicenceDeclaration.cs(15,16): warning S6964: Value type property used as input in a controller action should be nullable, required or annotated with the JsonRequiredAttribute to avoid under-posting. [C:\Users\danew\repo\bcgov\moh-pidp\backend\webapi\pidp.csproj]
C:\Users\danew\repo\bcgov\moh-pidp\backend\webapi\Models\Lookups\College.cs(20,24): warning S6964: Value type property used as input in a controller action should be nullable, required or annotated with the JsonRequiredAttribute to avoid under-posting. [C:\Users\danew\repo\bcgov\moh-pidp\backend\webapi\pidp.csproj]
C:\Users\danew\repo\bcgov\moh-pidp\backend\webapi\Models\BaseEntity.cs(16,20): warning S6964: Value type property used as input in a controller action should be nullable, required or annotated with the JsonRequiredAttribute to avoid under-posting. [C:\Users\danew\repo\bcgov\moh-pidp\backend\webapi\pidp.csproj]
C:\Users\danew\repo\bcgov\moh-pidp\backend\webapi\Models\BaseEntity.cs(17,20): warning S6964: Value type property used as input in a controller action should be nullable, required or annotated with the JsonRequiredAttribute to avoid under-posting. [C:\Users\danew\repo\bcgov\moh-pidp\backend\webapi\pidp.csproj]
C:\Users\danew\repo\bcgov\moh-pidp\backend\webapi\Models\CredentialLinkTicket.cs(22,17): warning S6964: Value type property used as input in a controller action should be nullable, required or annotated with the JsonRequiredAttribute to avoid under-posting. [C:\Users\danew\repo\bcgov\moh-pidp\backend\webapi\pidp.csproj]
C:\Users\danew\repo\bcgov\moh-pidp\backend\webapi\Models\CredentialLinkTicket.cs(24,20): warning S6964: Value type property used as input in a controller action should be nullable, required or annotated with the JsonRequiredAttribute to avoid under-posting. [C:\Users\danew\repo\bcgov\moh-pidp\backend\webapi\pidp.csproj]
C:\Users\danew\repo\bcgov\moh-pidp\backend\webapi\Features\Credentials\CredentialsController.cs(149,13): warning S2092: Set the 'Secure' flag on this cookie. [C:\Users\danew\repo\bcgov\moh-pidp\backend\webapi\pidp.csproj]
C:\Users\danew\repo\bcgov\moh-pidp\backend\webapi\Models\Party.cs(112,42): warning S2589: Remove this unnecessary check for null. [C:\Users\danew\repo\bcgov\moh-pidp\backend\webapi\pidp.csproj]
C:\Users\danew\repo\bcgov\moh-pidp\backend\webapi\Features\Discovery\Discovery.cs(60,59): warning CA1309: Use ordinal string comparison (https://learn.microsoft.com/dotnet/fundamentals/code-analysis/quality-rules/ca1309) [C:\Users\danew\repo\bcgov\moh-pidp\backend\webapi\pidp.csproj]
C:\Users\danew\repo\bcgov\moh-pidp\backend\webapi\Models\Party.cs(162,20): warning S6966: Await GenerateAsync instead. [C:\Users\danew\repo\bcgov\moh-pidp\backend\webapi\pidp.csproj]
C:\Users\danew\repo\bcgov\moh-pidp\backend\webapi\Features\Credentials\BCProvider.Create.cs(142,95): warning S8969: Remove this null-forgiving operator; the compiler already knows this expression is not null here. [C:\Users\danew\repo\bcgov\moh-pidp\backend\webapi\pidp.csproj]
C:\Users\danew\repo\bcgov\moh-pidp\backend\webapi\Features\EndorsementRequests\Create.cs(84,80): warning CA1309: Use ordinal string comparison (https://learn.microsoft.com/dotnet/fundamentals/code-analysis/quality-rules/ca1309) [C:\Users\danew\repo\bcgov\moh-pidp\backend\webapi\pidp.csproj]
C:\Users\danew\repo\bcgov\moh-pidp\backend\webapi\Infrastructure\HttpClients\Mail\SmtpEmailClient.cs(15,26): warning S5332: EnableSsl should be set to true. [C:\Users\danew\repo\bcgov\moh-pidp\backend\webapi\pidp.csproj]
C:\Users\danew\repo\bcgov\moh-pidp\backend\webapi\Infrastructure\Services\PharmacyStaffDeactivationService.cs(26,23): warning S3776: Refactor this method to reduce its Cognitive Complexity from 27 to the 15 allowed. [C:\Users\danew\repo\bcgov\moh-pidp\backend\webapi\pidp.csproj]
C:\Users\danew\repo\bcgov\moh-pidp\backend\webapi\Infrastructure\HttpClients\Mail\Email.cs(62,31): warning S3267: Loops should be simplified using the "Where" LINQ method [C:\Users\danew\repo\bcgov\moh-pidp\backend\webapi\pidp.csproj]
C:\Users\danew\repo\bcgov\moh-pidp\backend\webapi\Infrastructure\HttpClients\Mail\Email.cs(70,31): warning S3267: Loops should be simplified using the "Where" LINQ method [C:\Users\danew\repo\bcgov\moh-pidp\backend\webapi\pidp.csproj]
C:\Users\danew\repo\bcgov\moh-pidp\backend\webapi\Features\Pharmacies\StaffUpdate.cs(35,23): warning CA2201: Exception type System.AccessViolationException is reserved by the runtime (https://learn.microsoft.com/dotnet/fundamentals/code-analysis/quality-rules/ca2201) [C:\Users\danew\repo\bcgov\moh-pidp\backend\webapi\pidp.csproj]
C:\Users\danew\repo\bcgov\moh-pidp\backend\webapi\Infrastructure\Services\PharmacyStaffDeactivationService.cs(89,56): warning S6678: Use PascalCase for named placeholders. [C:\Users\danew\repo\bcgov\moh-pidp\backend\webapi\pidp.csproj]
C:\Users\danew\repo\bcgov\moh-pidp\backend\webapi\Infrastructure\Services\PharmacyStaffDeactivationService.cs(93,50): warning S6678: Use PascalCase for named placeholders. [C:\Users\danew\repo\bcgov\moh-pidp\backend\webapi\pidp.csproj]
C:\Users\danew\repo\bcgov\moh-pidp\backend\webapi\Infrastructure\Services\PharmacyStaffDeactivationService.cs(102,42): warning S6678: Use PascalCase for named placeholders. [C:\Users\danew\repo\bcgov\moh-pidp\backend\webapi\pidp.csproj]
C:\Users\danew\repo\bcgov\moh-pidp\backend\webapi\Infrastructure\HttpClients\Plr\PlrClient.cs(38,10): warning S1116: Remove this empty statement. [C:\Users\danew\repo\bcgov\moh-pidp\backend\webapi\pidp.csproj]
C:\Users\danew\repo\bcgov\moh-pidp\backend\webapi\Infrastructure\Services\PharmacyStaffDeactivationService.cs(89,29): warning CA1873: Evaluation of this argument may be expensive and unnecessary if logging is disabled (https://learn.microsoft.com/dotnet/fundamentals/code-analysis/quality-rules/ca1873) [C:\Users\danew\repo\bcgov\moh-pidp\backend\webapi\pidp.csproj]
C:\Users\danew\repo\bcgov\moh-pidp\backend\webapi\Infrastructure\Services\PharmacyStaffDeactivationService.cs(89,56): warning CA1727: Use PascalCase for named placeholders in the logging message template (https://learn.microsoft.com/dotnet/fundamentals/code-analysis/quality-rules/ca1727) [C:\Users\danew\repo\bcgov\moh-pidp\backend\webapi\pidp.csproj]
C:\Users\danew\repo\bcgov\moh-pidp\backend\webapi\Infrastructure\Services\PharmacyStaffDeactivationService.cs(93,50): warning CA1727: Use PascalCase for named placeholders in the logging message template (https://learn.microsoft.com/dotnet/fundamentals/code-analysis/quality-rules/ca1727) [C:\Users\danew\repo\bcgov\moh-pidp\backend\webapi\pidp.csproj]
C:\Users\danew\repo\bcgov\moh-pidp\backend\webapi\Infrastructure\Services\PharmacyStaffDeactivationService.cs(102,42): warning CA1727: Use PascalCase for named placeholders in the logging message template (https://learn.microsoft.com/dotnet/fundamentals/code-analysis/quality-rules/ca1727) [C:\Users\danew\repo\bcgov\moh-pidp\backend\webapi\pidp.csproj]
C:\Users\danew\repo\bcgov\moh-pidp\backend\webapi\Infrastructure\Services\PharmacyStaffDeactivationService.cs(78,39): warning CA1305: The behavior of 'DateTime.ToString(string)' could vary based on the current user's locale settings. Replace this call in 'PharmacyStaffDeactivationService.DeactivateExpiredStaffAsync(CancellationToken)' with a call to 'DateTime.ToString(string, IFormatProvider)'. (https://learn.microsoft.com/dotnet/fundamentals/code-analysis/quality-rules/ca1305) [C:\Users\danew\repo\bcgov\moh-pidp\backend\webapi\pidp.csproj]
C:\Users\danew\repo\bcgov\moh-pidp\backend\webapi\Infrastructure\HttpClients\Keycloak\KeycloakAdministrationClient.cs(92,13): warning S1066: Merge this if statement with the enclosing one. [C:\Users\danew\repo\bcgov\moh-pidp\backend\webapi\pidp.csproj]
C:\Users\danew\repo\bcgov\moh-pidp\backend\webapi\Infrastructure\HttpClients\Keycloak\KeycloakAdministrationClient.cs(92,49): warning S6608: Indexing at Count-1 should be used instead of the "Enumerable" extension method "Last" [C:\Users\danew\repo\bcgov\moh-pidp\backend\webapi\pidp.csproj]
C:\Users\danew\repo\bcgov\moh-pidp\backend\webapi\Infrastructure\HttpClients\BCProvider\BCProviderClient.cs(191,38): warning S6678: Use PascalCase for named placeholders. [C:\Users\danew\repo\bcgov\moh-pidp\backend\webapi\pidp.csproj]
C:\Users\danew\repo\bcgov\moh-pidp\backend\webapi\Infrastructure\HttpClients\BCProvider\BCProviderClient.cs(191,38): warning CA1727: Use PascalCase for named placeholders in the logging message template (https://learn.microsoft.com/dotnet/fundamentals/code-analysis/quality-rules/ca1727) [C:\Users\danew\repo\bcgov\moh-pidp\backend\webapi\pidp.csproj]
C:\Users\danew\repo\bcgov\moh-pidp\backend\webapi\Infrastructure\HttpClients\BCProvider\BCProviderClient.cs(196,29): warning S3776: Refactor this method to reduce its Cognitive Complexity from 16 to the 15 allowed. [C:\Users\danew\repo\bcgov\moh-pidp\backend\webapi\pidp.csproj]
C:\Users\danew\repo\bcgov\moh-pidp\backend\webapi\Infrastructure\HttpClients\BCProvider\BCProviderClient.cs(205,17): warning S2589: Change this condition so that it does not always evaluate to 'False'. [C:\Users\danew\repo\bcgov\moh-pidp\backend\webapi\pidp.csproj]
C:\Users\danew\repo\bcgov\moh-pidp\backend\webapi\Features\Credentials\BCProvider.Invite.cs(63,98): warning CA1309: Use ordinal string comparison (https://learn.microsoft.com/dotnet/fundamentals/code-analysis/quality-rules/ca1309) [C:\Users\danew\repo\bcgov\moh-pidp\backend\webapi\pidp.csproj]
C:\Users\danew\repo\bcgov\moh-pidp\backend\webapi\Features\Pharmacies\PharmacyCreate.cs(24,20): warning S6964: Value type property used as input in a controller action should be nullable, required or annotated with the JsonRequiredAttribute to avoid under-posting. [C:\Users\danew\repo\bcgov\moh-pidp\backend\webapi\pidp.csproj]
C:\Users\danew\repo\bcgov\moh-pidp\backend\webapi\Features\AccessRequests\MSTeamsClinicMember.cs(174,49): warning S8969: Remove this null-forgiving operator; the compiler already knows this expression is not null here. [C:\Users\danew\repo\bcgov\moh-pidp\backend\webapi\pidp.csproj]
C:\Users\danew\repo\bcgov\moh-pidp\backend\webapi\Features\Pharmacies\PharmacyUpdate.cs(15,20): warning S6964: Value type property used as input in a controller action should be nullable, required or annotated with the JsonRequiredAttribute to avoid under-posting. [C:\Users\danew\repo\bcgov\moh-pidp\backend\webapi\pidp.csproj]
C:\Users\danew\repo\bcgov\moh-pidp\backend\webapi\Features\Pharmacies\PharmacyUpdate.cs(23,20): warning S6964: Value type property used as input in a controller action should be nullable, required or annotated with the JsonRequiredAttribute to avoid under-posting. [C:\Users\danew\repo\bcgov\moh-pidp\backend\webapi\pidp.csproj]
C:\Users\danew\repo\bcgov\moh-pidp\backend\webapi\Features\Pharmacies\StaffUpdate.cs(15,20): warning S6964: Value type property used as input in a controller action should be nullable, required or annotated with the JsonRequiredAttribute to avoid under-posting. [C:\Users\danew\repo\bcgov\moh-pidp\backend\webapi\pidp.csproj]
C:\Users\danew\repo\bcgov\moh-pidp\backend\webapi\Features\Pharmacies\StaffUpdate.cs(16,20): warning S6964: Value type property used as input in a controller action should be nullable, required or annotated with the JsonRequiredAttribute to avoid under-posting. [C:\Users\danew\repo\bcgov\moh-pidp\backend\webapi\pidp.csproj]
C:\Users\danew\repo\bcgov\moh-pidp\backend\webapi\Features\Pharmacies\StaffUpdate.cs(20,20): warning S6964: Value type property used as input in a controller action should be nullable, required or annotated with the JsonRequiredAttribute to avoid under-posting. [C:\Users\danew\repo\bcgov\moh-pidp\backend\webapi\pidp.csproj]
C:\Users\danew\repo\bcgov\moh-pidp\backend\webapi\Features\Lookups\CommonEmailDomains.cs(30,75): warning CA1866: Use 'string.IndexOf(char)' instead of 'string.IndexOf(string)' when you have a string with a single char (https://learn.microsoft.com/dotnet/fundamentals/code-analysis/quality-rules/ca1866) [C:\Users\danew\repo\bcgov\moh-pidp\backend\webapi\pidp.csproj]
C:\Users\danew\repo\bcgov\moh-pidp\backend\webapi\Features\Lookups\CommonEmailDomains.cs(30,101): warning CA1309: Use ordinal string comparison (https://learn.microsoft.com/dotnet/fundamentals/code-analysis/quality-rules/ca1309) [C:\Users\danew\repo\bcgov\moh-pidp\backend\webapi\pidp.csproj]
C:\Users\danew\repo\bcgov\moh-pidp\backend\webapi\Data\Migrations\20230113204609_Credentials.cs(95,31): warning S4581: Use 'Guid.NewGuid()' or 'Guid.Empty' or add arguments to this GUID instantiation. [C:\Users\danew\repo\bcgov\moh-pidp\backend\webapi\pidp.csproj]
C:\Users\danew\repo\bcgov\moh-pidp\backend\webapi\Features\Credentials\Create.cs(77,63): warning CA1309: Use ordinal string comparison (https://learn.microsoft.com/dotnet/fundamentals/code-analysis/quality-rules/ca1309) [C:\Users\danew\repo\bcgov\moh-pidp\backend\webapi\pidp.csproj]
C:\Users\danew\repo\bcgov\moh-pidp\backend\webapi\Features\Parties\Create.cs(18,21): warning S6964: Value type property used as input in a controller action should be nullable, required or annotated with the JsonRequiredAttribute to avoid under-posting. [C:\Users\danew\repo\bcgov\moh-pidp\backend\webapi\pidp.csproj]
C:\Users\danew\repo\bcgov\moh-pidp\backend\webapi\Features\Parties\CollegeCertifications.cs(17,20): warning S6964: Value type property used as input in a controller action should be nullable, required or annotated with the JsonRequiredAttribute to avoid under-posting. [C:\Users\danew\repo\bcgov\moh-pidp\backend\webapi\pidp.csproj]
C:\Users\danew\repo\bcgov\moh-pidp\backend\webapi\Features\Parties\CollegeCertifications.cs(28,21): warning S6964: Value type property used as input in a controller action should be nullable, required or annotated with the JsonRequiredAttribute to avoid under-posting. [C:\Users\danew\repo\bcgov\moh-pidp\backend\webapi\pidp.csproj]
C:\Users\danew\repo\bcgov\moh-pidp\backend\webapi\Features\Parties\Demographics.cs(23,20): warning S6964: Value type property used as input in a controller action should be nullable, required or annotated with the JsonRequiredAttribute to avoid under-posting. [C:\Users\danew\repo\bcgov\moh-pidp\backend\webapi\pidp.csproj]
C:\Users\danew\repo\bcgov\moh-pidp\backend\webapi\Features\Parties\LicenceDeclaration.cs(22,20): warning S6964: Value type property used as input in a controller action should be nullable, required or annotated with the JsonRequiredAttribute to avoid under-posting. [C:\Users\danew\repo\bcgov\moh-pidp\backend\webapi\pidp.csproj]
C:\Users\danew\repo\bcgov\moh-pidp\backend\webapi\Features\Parties\ProfileStatus.cs(23,20): warning S6964: Value type property used as input in a controller action should be nullable, required or annotated with the JsonRequiredAttribute to avoid under-posting. [C:\Users\danew\repo\bcgov\moh-pidp\backend\webapi\pidp.csproj]
C:\Users\danew\repo\bcgov\moh-pidp\backend\webapi\Data\Migrations\20240527105030_DotNet8Upgrade.cs(13,30): warning S8747: Convert the existing data to fit the new type before narrowing column "Discriminator"; otherwise this migration may truncate values or fail. [C:\Users\danew\repo\bcgov\moh-pidp\backend\webapi\pidp.csproj]
C:\Users\danew\repo\bcgov\moh-pidp\backend\webapi\Data\Migrations\20240527105030_DotNet8Upgrade.cs(22,30): warning S8747: Convert the existing data to fit the new type before narrowing column "Discriminator"; otherwise this migration may truncate values or fail. [C:\Users\danew\repo\bcgov\moh-pidp\backend\webapi\pidp.csproj]
C:\Users\danew\repo\bcgov\moh-pidp\backend\webapi\Features\AddressAutocomplete\AddressAutocompleteController.cs(21,15): warning ASP0018: Unused route parameter 'id' (https://aka.ms/aspnet/analyzers) [C:\Users\danew\repo\bcgov\moh-pidp\backend\webapi\pidp.csproj]
C:\Users\danew\repo\bcgov\moh-pidp\backend\webapi\Features\Admin\AdminController.cs(27,26): warning ASP0018: Unused route parameter 'partyId' (https://aka.ms/aspnet/analyzers) [C:\Users\danew\repo\bcgov\moh-pidp\backend\webapi\pidp.csproj]
C:\Users\danew\repo\bcgov\moh-pidp\backend\webapi\Features\Discovery\DiscoveryController.cs(40,15): warning ASP0018: Unused route parameter 'partyId' (https://aka.ms/aspnet/analyzers) [C:\Users\danew\repo\bcgov\moh-pidp\backend\webapi\pidp.csproj]
C:\Users\danew\repo\bcgov\moh-pidp\backend\webapi\Features\EndorsementRequests\EndorsementRequestsController.cs(63,16): warning ASP0018: Unused route parameter 'endorsementRequestId' (https://aka.ms/aspnet/analyzers) [C:\Users\danew\repo\bcgov\moh-pidp\backend\webapi\pidp.csproj]
C:\Users\danew\repo\bcgov\moh-pidp\backend\webapi\Features\EndorsementRequests\EndorsementRequestsController.cs(72,16): warning ASP0018: Unused route parameter 'endorsementRequestId' (https://aka.ms/aspnet/analyzers) [C:\Users\danew\repo\bcgov\moh-pidp\backend\webapi\pidp.csproj]
C:\Users\danew\repo\bcgov\moh-pidp\backend\webapi\Features\Endorsements\EndorsementsController.cs(33,16): warning ASP0018: Unused route parameter 'endorsementId' (https://aka.ms/aspnet/analyzers) [C:\Users\danew\repo\bcgov\moh-pidp\backend\webapi\pidp.csproj]
C:\Users\danew\repo\bcgov\moh-pidp\backend\webapi\Features\Parties\PartiesController.cs(24,15): warning ASP0018: Unused route parameter 'partyId' (https://aka.ms/aspnet/analyzers) [C:\Users\danew\repo\bcgov\moh-pidp\backend\webapi\pidp.csproj]
C:\Users\danew\repo\bcgov\moh-pidp\backend\webapi\Features\Parties\PartiesController.cs(33,15): warning ASP0018: Unused route parameter 'id' (https://aka.ms/aspnet/analyzers) [C:\Users\danew\repo\bcgov\moh-pidp\backend\webapi\pidp.csproj]
C:\Users\danew\repo\bcgov\moh-pidp\backend\webapi\Features\Parties\PartiesController.cs(42,15): warning ASP0018: Unused route parameter 'id' (https://aka.ms/aspnet/analyzers) [C:\Users\danew\repo\bcgov\moh-pidp\backend\webapi\pidp.csproj]
C:\Users\danew\repo\bcgov\moh-pidp\backend\webapi\Features\Parties\PartiesController.cs(51,15): warning ASP0018: Unused route parameter 'partyId' (https://aka.ms/aspnet/analyzers) [C:\Users\danew\repo\bcgov\moh-pidp\backend\webapi\pidp.csproj]
C:\Users\danew\repo\bcgov\moh-pidp\backend\webapi\Features\Parties\PartiesController.cs(60,15): warning ASP0018: Unused route parameter 'partyId' (https://aka.ms/aspnet/analyzers) [C:\Users\danew\repo\bcgov\moh-pidp\backend\webapi\pidp.csproj]
C:\Users\danew\repo\bcgov\moh-pidp\backend\webapi\Features\Parties\PartiesController.cs(69,15): warning ASP0018: Unused route parameter 'id' (https://aka.ms/aspnet/analyzers) [C:\Users\danew\repo\bcgov\moh-pidp\backend\webapi\pidp.csproj]
C:\Users\danew\repo\bcgov\moh-pidp\backend\webapi\Features\ThirdPartyIntegrations\ThirdPartyintegrationsController.cs(14,23): warning ASP0018: Unused route parameter 'hpdid' (https://aka.ms/aspnet/analyzers) [C:\Users\danew\repo\bcgov\moh-pidp\backend\webapi\pidp.csproj]
  pidp -> C:\Users\danew\repo\bcgov\moh-pidp\backend\webapi\bin\Debug\net10.0\pidp.dll
  Sonar: (pidp.csproj) Project processed successfully
C:\Users\danew\repo\bcgov\moh-pidp\backend\tools.do-work\appsettings.json(9,22): warning S2068: "password" detected here, make sure this is not a hard-coded credential. [C:\Users\danew\repo\bcgov\moh-pidp\backend\tools.do-work\do-work.csproj]
C:\Users\danew\repo\bcgov\moh-pidp\backend\tools.do-work\Program.cs(12,1): warning S125: Remove this commented out code. [C:\Users\danew\repo\bcgov\moh-pidp\backend\tools.do-work\do-work.csproj]
C:\Users\danew\repo\bcgov\moh-pidp\backend\tools.do-work\DoWorkService.cs(11,13): warning S1481: Remove the unused local variable 'placeholder'. [C:\Users\danew\repo\bcgov\moh-pidp\backend\tools.do-work\do-work.csproj]
C:\Users\danew\repo\bcgov\moh-pidp\backend\webapi.tests\Features\AccessRequests\MSTeamsClinicMember.cs(138,25): warning CS8604: Possible null reference argument for parameter 'expectedSubstring' in 'void Assert.Contains(string expectedSubstring, string? actualString)'. [C:\Users\danew\repo\bcgov\moh-pidp\backend\webapi.tests\pidp.tests.csproj]
C:\Users\danew\repo\bcgov\moh-pidp\backend\webapi.tests\Features\AccessRequests\MSTeamsPrivacyOfficer.cs(116,25): warning CS8604: Possible null reference argument for parameter 'expectedSubstring' in 'void Assert.Contains(string expectedSubstring, string? actualString)'. [C:\Users\danew\repo\bcgov\moh-pidp\backend\webapi.tests\pidp.tests.csproj]
C:\Users\danew\repo\bcgov\moh-pidp\backend\webapi.tests\TestingUtils.Tests.AssertThat.cs(9,6): warning xUnit1042: The member referenced by the MemberData attribute returns untyped data rows, such as object[]. Consider using TheoryData<> as the return type to provide better type safety. (https://xunit.net/xunit.analyzers/rules/xUnit1042) [C:\Users\danew\repo\bcgov\moh-pidp\backend\webapi.tests\pidp.tests.csproj]
C:\Users\danew\repo\bcgov\moh-pidp\backend\webapi.tests\TestingUtils.Tests.AssertThat.cs(25,6): warning xUnit1042: The member referenced by the MemberData attribute returns untyped data rows, such as object[]. Consider using TheoryData<> as the return type to provide better type safety. (https://xunit.net/xunit.analyzers/rules/xUnit1042) [C:\Users\danew\repo\bcgov\moh-pidp\backend\webapi.tests\pidp.tests.csproj]
C:\Users\danew\repo\bcgov\moh-pidp\backend\webapi.tests\TestingUtils.Tests.AssertThat.cs(47,6): warning xUnit1042: The member referenced by the MemberData attribute returns untyped data rows, such as object[]. Consider using TheoryData<> as the return type to provide better type safety. (https://xunit.net/xunit.analyzers/rules/xUnit1042) [C:\Users\danew\repo\bcgov\moh-pidp\backend\webapi.tests\pidp.tests.csproj]
C:\Users\danew\repo\bcgov\moh-pidp\backend\webapi.tests\Features\AccessRequests\MSTeamsPrivacyOfficer.cs(18,6): warning xUnit1042: The member referenced by the MemberData attribute returns untyped data rows, such as object[]. Consider using TheoryData<> as the return type to provide better type safety. (https://xunit.net/xunit.analyzers/rules/xUnit1042) [C:\Users\danew\repo\bcgov\moh-pidp\backend\webapi.tests\pidp.tests.csproj]
C:\Users\danew\repo\bcgov\moh-pidp\backend\webapi.tests\Features\AccessRequests\DriverFitness.cs(22,6): warning xUnit1042: The member referenced by the MemberData attribute returns untyped data rows, such as object[]. Consider using TheoryData<> as the return type to provide better type safety. (https://xunit.net/xunit.analyzers/rules/xUnit1042) [C:\Users\danew\repo\bcgov\moh-pidp\backend\webapi.tests\pidp.tests.csproj]
C:\Users\danew\repo\bcgov\moh-pidp\backend\webapi.tests\Features\AccessRequests\SAEforms.cs(17,6): warning xUnit1045: The type argument IdentifierType might not be serializable, which may cause Test Explorer to not enumerate individual data rows. Consider using a type that is known to be serializable. (https://xunit.net/xunit.analyzers/rules/xUnit1045) [C:\Users\danew\repo\bcgov\moh-pidp\backend\webapi.tests\pidp.tests.csproj]
C:\Users\danew\repo\bcgov\moh-pidp\backend\webapi.tests\Extensions\HttpResponseExtensions.cs(50,9): warning ASP0019: Use IHeaderDictionary.Append or the indexer to append or set headers. IDictionary.Add will throw an ArgumentException when attempting to add a duplicate key. (https://aka.ms/aspnet/analyzers) [C:\Users\danew\repo\bcgov\moh-pidp\backend\webapi.tests\pidp.tests.csproj]
C:\Users\danew\repo\bcgov\moh-pidp\backend\webapi.tests\Features\Credentials\BCProvider.Create.cs(20,6): warning xUnit1042: The member referenced by the MemberData attribute returns untyped data rows, such as object[]. Consider using TheoryData<> as the return type to provide better type safety. (https://xunit.net/xunit.analyzers/rules/xUnit1042) [C:\Users\danew\repo\bcgov\moh-pidp\backend\webapi.tests\pidp.tests.csproj]
C:\Users\danew\repo\bcgov\moh-pidp\backend\webapi.tests\Infrastructure\HttpClients\PlrClientDefinitions.PlrStatusDigest.cs(108,6): warning xUnit1042: The member referenced by the MemberData attribute returns untyped data rows, such as object[]. Consider using TheoryData<> as the return type to provide better type safety. (https://xunit.net/xunit.analyzers/rules/xUnit1042) [C:\Users\danew\repo\bcgov\moh-pidp\backend\webapi.tests\pidp.tests.csproj]
C:\Users\danew\repo\bcgov\moh-pidp\backend\webapi.tests\Features\AccessRequests\DriverFitness.cs(71,6): warning xUnit1042: The member referenced by the MemberData attribute returns untyped data rows, such as object[]. Consider using TheoryData<> as the return type to provide better type safety. (https://xunit.net/xunit.analyzers/rules/xUnit1042) [C:\Users\danew\repo\bcgov\moh-pidp\backend\webapi.tests\pidp.tests.csproj]
C:\Users\danew\repo\bcgov\moh-pidp\backend\webapi.tests\Infrastructure\HttpClients\PlrClientDefinitions.PlrStatusDigest.cs(140,6): warning xUnit1042: The member referenced by the MemberData attribute returns untyped data rows, such as object[]. Consider using TheoryData<> as the return type to provide better type safety. (https://xunit.net/xunit.analyzers/rules/xUnit1042) [C:\Users\danew\repo\bcgov\moh-pidp\backend\webapi.tests\pidp.tests.csproj]
C:\Users\danew\repo\bcgov\moh-pidp\backend\webapi.tests\Features\Parties\ProfileStatus.SAEforms.cs(20,6): warning xUnit1042: The member referenced by the MemberData attribute returns untyped data rows, such as object[]. Consider using TheoryData<> as the return type to provide better type safety. (https://xunit.net/xunit.analyzers/rules/xUnit1042) [C:\Users\danew\repo\bcgov\moh-pidp\backend\webapi.tests\pidp.tests.csproj]
C:\Users\danew\repo\bcgov\moh-pidp\backend\webapi.tests\Features\EndorsementRequests\Index.cs(44,6): warning xUnit1042: The member referenced by the MemberData attribute returns untyped data rows, such as object[]. Consider using TheoryData<> as the return type to provide better type safety. (https://xunit.net/xunit.analyzers/rules/xUnit1042) [C:\Users\danew\repo\bcgov\moh-pidp\backend\webapi.tests\pidp.tests.csproj]
C:\Users\danew\repo\bcgov\moh-pidp\backend\webapi.tests\Features\Parties\ProfileStatus.ProvincialAttachmentSystem.cs(19,6): warning xUnit1042: The member referenced by the MemberData attribute returns untyped data rows, such as object[]. Consider using TheoryData<> as the return type to provide better type safety. (https://xunit.net/xunit.analyzers/rules/xUnit1042) [C:\Users\danew\repo\bcgov\moh-pidp\backend\webapi.tests\pidp.tests.csproj]
C:\Users\danew\repo\bcgov\moh-pidp\backend\webapi.tests\Infrastructure\HttpClients\BaseClient.cs(32,6): warning xUnit1042: The member referenced by the MemberData attribute returns untyped data rows, such as object[]. Consider using TheoryData<> as the return type to provide better type safety. (https://xunit.net/xunit.analyzers/rules/xUnit1042) [C:\Users\danew\repo\bcgov\moh-pidp\backend\webapi.tests\pidp.tests.csproj]
C:\Users\danew\repo\bcgov\moh-pidp\backend\webapi.tests\Features\Parties\ProfileStatus.SAEforms.cs(38,6): warning xUnit1042: The member referenced by the MemberData attribute returns untyped data rows, such as object[]. Consider using TheoryData<> as the return type to provide better type safety. (https://xunit.net/xunit.analyzers/rules/xUnit1042) [C:\Users\danew\repo\bcgov\moh-pidp\backend\webapi.tests\pidp.tests.csproj]
C:\Users\danew\repo\bcgov\moh-pidp\backend\webapi.tests\Infrastructure\HttpClients\BaseClient.cs(49,6): warning xUnit1042: The member referenced by the MemberData attribute returns untyped data rows, such as object[]. Consider using TheoryData<> as the return type to provide better type safety. (https://xunit.net/xunit.analyzers/rules/xUnit1042) [C:\Users\danew\repo\bcgov\moh-pidp\backend\webapi.tests\pidp.tests.csproj]
C:\Users\danew\repo\bcgov\moh-pidp\backend\webapi.tests\Features\Parties\ProfileStatus.ProvincialAttachmentSystem.cs(57,6): warning xUnit1042: The member referenced by the MemberData attribute returns untyped data rows, such as object[]. Consider using TheoryData<> as the return type to provide better type safety. (https://xunit.net/xunit.analyzers/rules/xUnit1042) [C:\Users\danew\repo\bcgov\moh-pidp\backend\webapi.tests\pidp.tests.csproj]
C:\Users\danew\repo\bcgov\moh-pidp\backend\webapi.tests\Infrastructure\HttpClients\BaseClient.cs(62,6): warning xUnit1042: The member referenced by the MemberData attribute returns untyped data rows, such as object[]. Consider using TheoryData<> as the return type to provide better type safety. (https://xunit.net/xunit.analyzers/rules/xUnit1042) [C:\Users\danew\repo\bcgov\moh-pidp\backend\webapi.tests\pidp.tests.csproj]
C:\Users\danew\repo\bcgov\moh-pidp\backend\webapi.tests\Features\Parties\ProfileStatus.SAEforms.cs(56,6): warning xUnit1042: The member referenced by the MemberData attribute returns untyped data rows, such as object[]. Consider using TheoryData<> as the return type to provide better type safety. (https://xunit.net/xunit.analyzers/rules/xUnit1042) [C:\Users\danew\repo\bcgov\moh-pidp\backend\webapi.tests\pidp.tests.csproj]
C:\Users\danew\repo\bcgov\moh-pidp\backend\webapi.tests\Infrastructure\HttpClients\BCProviderClient.cs(18,6): warning xUnit1042: The member referenced by the MemberData attribute returns untyped data rows, such as object[]. Consider using TheoryData<> as the return type to provide better type safety. (https://xunit.net/xunit.analyzers/rules/xUnit1042) [C:\Users\danew\repo\bcgov\moh-pidp\backend\webapi.tests\pidp.tests.csproj]
C:\Users\danew\repo\bcgov\moh-pidp\backend\webapi.tests\Infrastructure\HttpClients\BaseClient.cs(75,6): warning xUnit1042: The member referenced by the MemberData attribute returns untyped data rows, such as object[]. Consider using TheoryData<> as the return type to provide better type safety. (https://xunit.net/xunit.analyzers/rules/xUnit1042) [C:\Users\danew\repo\bcgov\moh-pidp\backend\webapi.tests\pidp.tests.csproj]
C:\Users\danew\repo\bcgov\moh-pidp\backend\webapi.tests\Infrastructure\HttpClients\BCProviderClient.cs(37,166): warning CA1869: Avoid creating a new 'JsonSerializerOptions' instance for every serialization operation. Cache and reuse instances instead. (https://learn.microsoft.com/dotnet/fundamentals/code-analysis/quality-rules/ca1869) [C:\Users\danew\repo\bcgov\moh-pidp\backend\webapi.tests\pidp.tests.csproj]
C:\Users\danew\repo\bcgov\moh-pidp\backend\webapi.tests\Features\Parties\LicenceDeclaration.cs(16,6): warning xUnit1042: The member referenced by the MemberData attribute returns untyped data rows, such as object[]. Consider using TheoryData<> as the return type to provide better type safety. (https://xunit.net/xunit.analyzers/rules/xUnit1042) [C:\Users\danew\repo\bcgov\moh-pidp\backend\webapi.tests\pidp.tests.csproj]
C:\Users\danew\repo\bcgov\moh-pidp\backend\webapi.tests\Infrastructure\HttpClients\BaseClient.cs(97,6): warning xUnit1042: The member referenced by the MemberData attribute returns untyped data rows, such as object[]. Consider using TheoryData<> as the return type to provide better type safety. (https://xunit.net/xunit.analyzers/rules/xUnit1042) [C:\Users\danew\repo\bcgov\moh-pidp\backend\webapi.tests\pidp.tests.csproj]
C:\Users\danew\repo\bcgov\moh-pidp\backend\webapi.tests\Infrastructure\HttpClients\KeycloakAdministrationClient.cs(52,96): warning CA1869: Avoid creating a new 'JsonSerializerOptions' instance for every serialization operation. Cache and reuse instances instead. (https://learn.microsoft.com/dotnet/fundamentals/code-analysis/quality-rules/ca1869) [C:\Users\danew\repo\bcgov\moh-pidp\backend\webapi.tests\pidp.tests.csproj]
C:\Users\danew\repo\bcgov\moh-pidp\backend\webapi.tests\Features\Parties\LicenceDeclaration.cs(51,6): warning xUnit1042: The member referenced by the MemberData attribute returns untyped data rows, such as object[]. Consider using TheoryData<> as the return type to provide better type safety. (https://xunit.net/xunit.analyzers/rules/xUnit1042) [C:\Users\danew\repo\bcgov\moh-pidp\backend\webapi.tests\pidp.tests.csproj]
C:\Users\danew\repo\bcgov\moh-pidp\backend\webapi.tests\Features\Parties\ProfileStatus.SAEforms.cs(97,6): warning xUnit1042: The member referenced by the MemberData attribute returns untyped data rows, such as object[]. Consider using TheoryData<> as the return type to provide better type safety. (https://xunit.net/xunit.analyzers/rules/xUnit1042) [C:\Users\danew\repo\bcgov\moh-pidp\backend\webapi.tests\pidp.tests.csproj]
C:\Users\danew\repo\bcgov\moh-pidp\backend\webapi.tests\Infrastructure\HttpClients\KeycloakAdministrationClient.cs(95,96): warning CA1869: Avoid creating a new 'JsonSerializerOptions' instance for every serialization operation. Cache and reuse instances instead. (https://learn.microsoft.com/dotnet/fundamentals/code-analysis/quality-rules/ca1869) [C:\Users\danew\repo\bcgov\moh-pidp\backend\webapi.tests\pidp.tests.csproj]
C:\Users\danew\repo\bcgov\moh-pidp\backend\webapi.tests\Infrastructure\HttpClients\BaseClient.cs(110,6): warning xUnit1042: The member referenced by the MemberData attribute returns untyped data rows, such as object[]. Consider using TheoryData<> as the return type to provide better type safety. (https://xunit.net/xunit.analyzers/rules/xUnit1042) [C:\Users\danew\repo\bcgov\moh-pidp\backend\webapi.tests\pidp.tests.csproj]
  do-work -> C:\Users\danew\repo\bcgov\moh-pidp\backend\tools.do-work\bin\Debug\net10.0\do-work.dll
  Sonar: (do-work.csproj) Project processed successfully
  pidp.tests -> C:\Users\danew\repo\bcgov\moh-pidp\backend\webapi.tests\bin\Debug\net10.0\pidp.tests.dll
  Sonar: (pidp.tests.csproj) Project processed successfully
C:\Users\danew\repo\bcgov\moh-pidp\backend\services.endorsement-reminder\appsettings.json(11,22): warning S2068: "password" detected here, make sure this is not a hard-coded credential. [C:\Users\danew\repo\bcgov\moh-pidp\backend\services.endorsement-reminder\endorsement-reminder.csproj]
  endorsement-reminder -> C:\Users\danew\repo\bcgov\moh-pidp\backend\services.endorsement-reminder\bin\Debug\net10.0\endorsement-reminder.dll
  Sonar: (endorsement-reminder.csproj) Project processed successfully
C:\Users\danew\repo\bcgov\moh-pidp\backend\services.endorsement-reminder.tests\EndorsementMaintenanceService.cs(17,6): warning xUnit1042: The member referenced by the MemberData attribute returns untyped data rows, such as object[]. Consider using TheoryData<> as the return type to provide better type safety. (https://xunit.net/xunit.analyzers/rules/xUnit1042) [C:\Users\danew\repo\bcgov\moh-pidp\backend\services.endorsement-reminder.tests\endorsement-reminder.tests.csproj]
C:\Users\danew\repo\bcgov\moh-pidp\backend\services.endorsement-reminder.tests\EndorsementMaintenanceService.cs(61,6): warning xUnit1042: The member referenced by the MemberData attribute returns untyped data rows, such as object[]. Consider using TheoryData<> as the return type to provide better type safety. (https://xunit.net/xunit.analyzers/rules/xUnit1042) [C:\Users\danew\repo\bcgov\moh-pidp\backend\services.endorsement-reminder.tests\endorsement-reminder.tests.csproj]
  endorsement-reminder.tests -> C:\Users\danew\repo\bcgov\moh-pidp\backend\services.endorsement-reminder.tests\bin\Debug\net10.0\endorsement-reminder.tests.dll
  Sonar: (endorsement-reminder.tests.csproj) Project processed successfully

Build succeeded.

C:\Users\danew\repo\bcgov\moh-pidp\backend\services.plr-intake\Startup.cs(29,45): warning CS0618: 'FluentValidationMvcConfiguration.RegisterValidatorsFromAssemblyContaining<T>(Func<AssemblyScanner.AssemblyScanResult, bool>, ServiceLifetime, bool)' is obsolete: 'RegisterValidatorsFromAssemblyContaining is deprecated. Call services.AddValidatorsFromAssemblyContaining<T> instead, which has the same effect. See https://github.com/FluentValidation/FluentValidation/issues/1963' [C:\Users\danew\repo\bcgov\moh-pidp\backend\services.plr-intake\plr-intake.csproj]
C:\Users\danew\repo\bcgov\moh-pidp\backend\services.plr-intake\Startup.cs(28,9): warning CS0618: 'FluentValidationMvcExtensions.AddFluentValidation(IMvcBuilder, Action<FluentValidationMvcConfiguration>)' is obsolete: 'Calling AddFluentValidation() is deprecated. Call services.AddFluentValidationAutoValidation().AddFluentValidationClientsideAdapters() instead, which has the same effect. For details see https://github.com/FluentValidation/FluentValidation/issues/1965' [C:\Users\danew\repo\bcgov\moh-pidp\backend\services.plr-intake\plr-intake.csproj]
C:\Users\danew\repo\bcgov\moh-pidp\backend\services.plr-intake\Features\Intake\IntakeServiceOperationTuner.cs(56,16): warning SYSLIB0057: 'X509Certificate2.X509Certificate2(byte[])' is obsolete: 'Loading certificate data through the constructor or Import is obsolete. Use X509CertificateLoader instead to load certificates.' (https://aka.ms/dotnet-warnings/SYSLIB0057) [C:\Users\danew\repo\bcgov\moh-pidp\backend\services.plr-intake\plr-intake.csproj]
C:\Users\danew\repo\bcgov\moh-pidp\backend\services.plr-intake\appsettings.json(4,21): warning S2068: "password" detected here, make sure this is not a hard-coded credential. [C:\Users\danew\repo\bcgov\moh-pidp\backend\services.plr-intake\plr-intake.csproj]
C:\Users\danew\repo\bcgov\moh-pidp\backend\services.plr-intake\Program.cs(9,14): warning S1118: Add a 'protected' constructor or the 'static' keyword to the class declaration. [C:\Users\danew\repo\bcgov\moh-pidp\backend\services.plr-intake\plr-intake.csproj]
C:\Users\danew\repo\bcgov\moh-pidp\backend\services.plr-intake\Features\ICommand.cs(7,27): warning S2326: 'TResult' is not used in the interface. [C:\Users\danew\repo\bcgov\moh-pidp\backend\services.plr-intake\plr-intake.csproj]
C:\Users\danew\repo\bcgov\moh-pidp\backend\services.plr-intake\Features\IQuery.cs(3,25): warning S2326: 'TResult' is not used in the interface. [C:\Users\danew\repo\bcgov\moh-pidp\backend\services.plr-intake\plr-intake.csproj]
C:\Users\danew\repo\bcgov\moh-pidp\backend\services.plr-intake\Features\ICommandHandler.cs(3,34): warning S3246: Add the 'in' keyword to parameter 'TCommand' to make it 'contravariant'. [C:\Users\danew\repo\bcgov\moh-pidp\backend\services.plr-intake\plr-intake.csproj]
C:\Users\danew\repo\bcgov\moh-pidp\backend\services.plr-intake\Data\Configuration\IdentifierTypeConfiguration.cs(11,25): warning S3878: Remove this array creation and simply pass the elements. [C:\Users\danew\repo\bcgov\moh-pidp\backend\services.plr-intake\plr-intake.csproj]
C:\Users\danew\repo\bcgov\moh-pidp\backend\services.plr-intake\Features\Records\Search.cs(14,25): warning S6964: Value type property used as input in a controller action should be nullable, required or annotated with the JsonRequiredAttribute to avoid under-posting. [C:\Users\danew\repo\bcgov\moh-pidp\backend\services.plr-intake\plr-intake.csproj]
C:\Users\danew\repo\bcgov\moh-pidp\backend\services.plr-intake\Features\Records\StatusLog.cs(19,20): warning S6964: Value type property used as input in a controller action should be nullable, required or annotated with the JsonRequiredAttribute to avoid under-posting. [C:\Users\danew\repo\bcgov\moh-pidp\backend\services.plr-intake\plr-intake.csproj]
C:\Users\danew\repo\bcgov\moh-pidp\backend\services.plr-intake\Features\Records\StatusLog.cs(31,20): warning S6964: Value type property used as input in a controller action should be nullable, required or annotated with the JsonRequiredAttribute to avoid under-posting. [C:\Users\danew\repo\bcgov\moh-pidp\backend\services.plr-intake\plr-intake.csproj]
C:\Users\danew\repo\bcgov\moh-pidp\backend\services.plr-intake\Program.cs(59,22): warning CA1305: The behavior of 'LoggerSinkConfiguration.Console([LogEventLevel], [string], [IFormatProvider], [LoggingLevelSwitch], [LogEventLevel?], [ConsoleTheme], [bool], [object])' could vary based on the current user's locale settings. Provide a value for the 'IFormatProvider' argument. (https://learn.microsoft.com/dotnet/fundamentals/code-analysis/quality-rules/ca1305) [C:\Users\danew\repo\bcgov\moh-pidp\backend\services.plr-intake\plr-intake.csproj]
C:\Users\danew\repo\bcgov\moh-pidp\backend\services.plr-intake\Program.cs(71,33): warning CA1305: The behavior of 'LoggerSinkConfiguration.File(string, [LogEventLevel], [string], [IFormatProvider], [long?], [LoggingLevelSwitch], [bool], [bool], [TimeSpan?], [RollingInterval], [bool], [int?], [Encoding], [FileLifecycleHooks], [TimeSpan?])' could vary based on the current user's locale settings. Provide a value for the 'IFormatProvider' argument. (https://learn.microsoft.com/dotnet/fundamentals/code-analysis/quality-rules/ca1305) [C:\Users\danew\repo\bcgov\moh-pidp\backend\services.plr-intake\plr-intake.csproj]
C:\Users\danew\repo\bcgov\moh-pidp\backend\services.plr-intake\Features\Records\RecordsController.cs(27,30): warning ASP0018: Unused route parameter 'statusChangeLogId' (https://aka.ms/aspnet/analyzers) [C:\Users\danew\repo\bcgov\moh-pidp\backend\services.plr-intake\plr-intake.csproj]
C:\Users\danew\repo\bcgov\moh-pidp\backend\services.plr-intake.tests\Features\Records\Search.cs(58,6): warning xUnit1042: The member referenced by the MemberData attribute returns untyped data rows, such as object[]. Consider using TheoryData<> as the return type to provide better type safety. (https://xunit.net/xunit.analyzers/rules/xUnit1042) [C:\Users\danew\repo\bcgov\moh-pidp\backend\services.plr-intake.tests\plr-intake.tests.csproj]
C:\Users\danew\repo\bcgov\moh-pidp\backend\webapi\Features\EndorsementRequests\EmailSearch.cs(33,33): warning CS8602: Dereference of a possibly null reference. [C:\Users\danew\repo\bcgov\moh-pidp\backend\webapi\pidp.csproj]
C:\Users\danew\repo\bcgov\moh-pidp\backend\webapi\Features\Discovery\Discovery.cs(60,28): warning CS8602: Dereference of a possibly null reference. [C:\Users\danew\repo\bcgov\moh-pidp\backend\webapi\pidp.csproj]
C:\Users\danew\repo\bcgov\moh-pidp\backend\webapi\Features\EndorsementRequests\Create.cs(84,37): warning CS8602: Dereference of a possibly null reference. [C:\Users\danew\repo\bcgov\moh-pidp\backend\webapi\pidp.csproj]
C:\Users\danew\repo\bcgov\moh-pidp\backend\webapi\Infrastructure\Services\PharmacyStaffDeactivationService.cs(78,39): warning CS8629: Nullable value type may be null. [C:\Users\danew\repo\bcgov\moh-pidp\backend\webapi\pidp.csproj]
C:\Users\danew\repo\bcgov\moh-pidp\backend\webapi\Features\Pharmacies\StaffDetails.cs(45,27): warning CS8602: Dereference of a possibly null reference. [C:\Users\danew\repo\bcgov\moh-pidp\backend\webapi\pidp.csproj]
C:\Users\danew\repo\bcgov\moh-pidp\backend\webapi\Infrastructure\Queue\RabbitMqConsumerHostedService.cs(43,15): warning CS8602: Dereference of a possibly null reference. [C:\Users\danew\repo\bcgov\moh-pidp\backend\webapi\pidp.csproj]
C:\Users\danew\repo\bcgov\moh-pidp\backend\webapi\Features\Credentials\Create.cs(77,28): warning CS8602: Dereference of a possibly null reference. [C:\Users\danew\repo\bcgov\moh-pidp\backend\webapi\pidp.csproj]
C:\Users\danew\repo\bcgov\moh-pidp\backend\webapi\appsettings.json(21,22): warning S2068: "password" detected here, make sure this is not a hard-coded credential. [C:\Users\danew\repo\bcgov\moh-pidp\backend\webapi\pidp.csproj]
C:\Users\danew\repo\bcgov\moh-pidp\backend\webapi\Data\PidpDbContext.cs(102,5): warning S125: Remove this commented out code. [C:\Users\danew\repo\bcgov\moh-pidp\backend\webapi\pidp.csproj]
C:\Users\danew\repo\bcgov\moh-pidp\backend\webapi\Features\AddressAutocomplete\Find.cs(23,12): warning S1135: Complete the task associated to this 'TODO' comment. [C:\Users\danew\repo\bcgov\moh-pidp\backend\webapi\pidp.csproj]
C:\Users\danew\repo\bcgov\moh-pidp\backend\webapi\Features\AddressAutocomplete\Retrieve.cs(23,12): warning S1135: Complete the task associated to this 'TODO' comment. [C:\Users\danew\repo\bcgov\moh-pidp\backend\webapi\pidp.csproj]
C:\Users\danew\repo\bcgov\moh-pidp\backend\webapi\Features\CommonHandlers\PlrCpnLookupFoundHandlers.cs(21,12): warning S1135: Complete the task associated to this 'TODO' comment. [C:\Users\danew\repo\bcgov\moh-pidp\backend\webapi\pidp.csproj]
C:\Users\danew\repo\bcgov\moh-pidp\backend\webapi\Features\CommonHandlers\PlrCpnLookupFoundHandlers.cs(40,12): warning S1135: Complete the task associated to this 'TODO' comment. [C:\Users\danew\repo\bcgov\moh-pidp\backend\webapi\pidp.csproj]
C:\Users\danew\repo\bcgov\moh-pidp\backend\webapi\Features\Credentials\BCProvider.Create.cs(135,16): warning S1135: Complete the task associated to this 'TODO' comment. [C:\Users\danew\repo\bcgov\moh-pidp\backend\webapi\pidp.csproj]
C:\Users\danew\repo\bcgov\moh-pidp\backend\webapi\Features\EndorsementRequests\Approve.cs(95,16): warning S1135: Complete the task associated to this 'TODO' comment. [C:\Users\danew\repo\bcgov\moh-pidp\backend\webapi\pidp.csproj]
C:\Users\danew\repo\bcgov\moh-pidp\backend\webapi\Features\Endorsements\Cancel.cs(63,16): warning S1135: Complete the task associated to this 'TODO' comment. [C:\Users\danew\repo\bcgov\moh-pidp\backend\webapi\pidp.csproj]
C:\Users\danew\repo\bcgov\moh-pidp\backend\webapi\Features\Parties\Demographics.cs(50,70): warning S1135: Complete the task associated to this 'TODO' comment. [C:\Users\danew\repo\bcgov\moh-pidp\backend\webapi\pidp.csproj]
C:\Users\danew\repo\bcgov\moh-pidp\backend\webapi\Features\Parties\Demographics.cs(92,20): warning S1135: Complete the task associated to this 'TODO' comment. [C:\Users\danew\repo\bcgov\moh-pidp\backend\webapi\pidp.csproj]
C:\Users\danew\repo\bcgov\moh-pidp\backend\webapi\Features\Parties\Demographics.cs(118,16): warning S1135: Complete the task associated to this 'TODO' comment. [C:\Users\danew\repo\bcgov\moh-pidp\backend\webapi\pidp.csproj]
C:\Users\danew\repo\bcgov\moh-pidp\backend\webapi\Infrastructure\HttpClients\AddressAutocomplete\AddressAutocompleteClient.cs(21,13): warning S125: Remove this commented out code. [C:\Users\danew\repo\bcgov\moh-pidp\backend\webapi\pidp.csproj]
C:\Users\danew\repo\bcgov\moh-pidp\backend\webapi\Infrastructure\HttpClients\AddressAutocomplete\AddressAutocompleteClient.cs(39,13): warning S125: Remove this commented out code. [C:\Users\danew\repo\bcgov\moh-pidp\backend\webapi\pidp.csproj]
C:\Users\danew\repo\bcgov\moh-pidp\backend\webapi\Infrastructure\HttpClients\BaseClient.cs(154,17): warning S125: Remove this commented out code. [C:\Users\danew\repo\bcgov\moh-pidp\backend\webapi\pidp.csproj]
C:\Users\danew\repo\bcgov\moh-pidp\backend\webapi\Infrastructure\HttpClients\BaseClient.cs(152,20): warning S1135: Complete the task associated to this 'TODO' comment. [C:\Users\danew\repo\bcgov\moh-pidp\backend\webapi\pidp.csproj]
C:\Users\danew\repo\bcgov\moh-pidp\backend\webapi\Infrastructure\HttpClients\BearerTokenHandler.cs(12,12): warning S1135: Complete the task associated to this 'TODO' comment. [C:\Users\danew\repo\bcgov\moh-pidp\backend\webapi\pidp.csproj]
C:\Users\danew\repo\bcgov\moh-pidp\backend\webapi\Infrastructure\HttpClients\HttpClientSetup.cs(28,16): warning S1135: Complete the task associated to this 'TODO' comment. [C:\Users\danew\repo\bcgov\moh-pidp\backend\webapi\pidp.csproj]
C:\Users\danew\repo\bcgov\moh-pidp\backend\webapi\Infrastructure\HttpClients\Keycloak\KeycloakAdministrationClient.cs(5,4): warning S1135: Complete the task associated to this 'TODO' comment. [C:\Users\danew\repo\bcgov\moh-pidp\backend\webapi\pidp.csproj]
C:\Users\danew\repo\bcgov\moh-pidp\backend\webapi\Infrastructure\HttpClients\Ldap\LdapApiDefinitions.cs(11,1): warning S125: Remove this commented out code. [C:\Users\danew\repo\bcgov\moh-pidp\backend\webapi\pidp.csproj]
C:\Users\danew\repo\bcgov\moh-pidp\backend\webapi\Infrastructure\Services\PidpAuthorizationService.cs(40,12): warning S1135: Complete the task associated to this 'TODO' comment. [C:\Users\danew\repo\bcgov\moh-pidp\backend\webapi\pidp.csproj]
C:\Users\danew\repo\bcgov\moh-pidp\backend\webapi\Infrastructure\Services\PidpAuthorizationService.cs(51,12): warning S1135: Complete the task associated to this 'TODO' comment. [C:\Users\danew\repo\bcgov\moh-pidp\backend\webapi\pidp.csproj]
C:\Users\danew\repo\bcgov\moh-pidp\backend\webapi\Infrastructure\Services\PlrStatusUpdateService.cs(34,16): warning S1135: Complete the task associated to this 'TODO' comment. [C:\Users\danew\repo\bcgov\moh-pidp\backend\webapi\pidp.csproj]
C:\Users\danew\repo\bcgov\moh-pidp\backend\webapi\Models\Party.cs(109,12): warning S1135: Complete the task associated to this 'TODO' comment. [C:\Users\danew\repo\bcgov\moh-pidp\backend\webapi\pidp.csproj]
C:\Users\danew\repo\bcgov\moh-pidp\backend\webapi\Startup.cs(171,9): warning S125: Remove this commented out code. [C:\Users\danew\repo\bcgov\moh-pidp\backend\webapi\pidp.csproj]
C:\Users\danew\repo\bcgov\moh-pidp\backend\webapi\Program.cs(10,14): warning S1118: Add a 'protected' constructor or the 'static' keyword to the class declaration. [C:\Users\danew\repo\bcgov\moh-pidp\backend\webapi\pidp.csproj]
C:\Users\danew\repo\bcgov\moh-pidp\backend\webapi\Features\Admin\PartyDelete.cs(54,84): warning S6672: Update this logger to use its enclosing type. [C:\Users\danew\repo\bcgov\moh-pidp\backend\webapi\pidp.csproj]
C:\Users\danew\repo\bcgov\moh-pidp\backend\webapi\Infrastructure\HttpClients\ClientCredentials.cs(5,14): warning S2094: Remove this empty class, write its code or make it an "interface". [C:\Users\danew\repo\bcgov\moh-pidp\backend\webapi\pidp.csproj]
C:\Users\danew\repo\bcgov\moh-pidp\backend\webapi\Infrastructure\HttpClients\ClientCredentials.cs(6,14): warning S2094: Remove this empty class, write its code or make it an "interface". [C:\Users\danew\repo\bcgov\moh-pidp\backend\webapi\pidp.csproj]
C:\Users\danew\repo\bcgov\moh-pidp\backend\webapi\Models\Lookups\ILookupDataGenerator.cs(3,39): warning S3246: Add the 'out' keyword to parameter 'T' to make it 'covariant'. [C:\Users\danew\repo\bcgov\moh-pidp\backend\webapi\pidp.csproj]
C:\Users\danew\repo\bcgov\moh-pidp\backend\webapi\Infrastructure\HttpClients\Mail\ChesApiDefinitions.cs(5,66): warning S3604: Remove the member initializer, all constructors set an initial value for the member. [C:\Users\danew\repo\bcgov\moh-pidp\backend\webapi\pidp.csproj]
C:\Users\danew\repo\bcgov\moh-pidp\backend\webapi\Infrastructure\HttpClients\Mail\ChesApiDefinitions.cs(8,38): warning S3604: Remove the member initializer, all constructors set an initial value for the member. [C:\Users\danew\repo\bcgov\moh-pidp\backend\webapi\pidp.csproj]
C:\Users\danew\repo\bcgov\moh-pidp\backend\webapi\Infrastructure\HttpClients\Mail\ChesApiDefinitions.cs(9,49): warning S3604: Remove the member initializer, all constructors set an initial value for the member. [C:\Users\danew\repo\bcgov\moh-pidp\backend\webapi\pidp.csproj]
C:\Users\danew\repo\bcgov\moh-pidp\backend\webapi\Infrastructure\HttpClients\Mail\ChesApiDefinitions.cs(14,41): warning S3604: Remove the member initializer, all constructors set an initial value for the member. [C:\Users\danew\repo\bcgov\moh-pidp\backend\webapi\pidp.csproj]
C:\Users\danew\repo\bcgov\moh-pidp\backend\webapi\Features\ICommand.cs(7,27): warning S2326: 'TResult' is not used in the interface. [C:\Users\danew\repo\bcgov\moh-pidp\backend\webapi\pidp.csproj]
C:\Users\danew\repo\bcgov\moh-pidp\backend\webapi\Features\IQuery.cs(3,25): warning S2326: 'TResult' is not used in the interface. [C:\Users\danew\repo\bcgov\moh-pidp\backend\webapi\pidp.csproj]
C:\Users\danew\repo\bcgov\moh-pidp\backend\webapi\Features\IRequestHandler.cs(7,34): warning S3246: Add the 'in' keyword to parameter 'TRequest' to make it 'contravariant'. [C:\Users\danew\repo\bcgov\moh-pidp\backend\webapi\pidp.csproj]
C:\Users\danew\repo\bcgov\moh-pidp\backend\webapi\Features\Parties\LicenceDeclaration.cs(68,100): warning S6672: Update this logger to use its enclosing type. [C:\Users\danew\repo\bcgov\moh-pidp\backend\webapi\pidp.csproj]
C:\Users\danew\repo\bcgov\moh-pidp\backend\webapi\Features\Parties\ProfileStatus.cs(38,41): warning S2365: Refactor 'Alerts' into a method, properties should not copy collections. [C:\Users\danew\repo\bcgov\moh-pidp\backend\webapi\pidp.csproj]
C:\Users\danew\repo\bcgov\moh-pidp\backend\webapi\Features\Parties\ProfileStatus.Model.cs(66,51): warning S1192: Define a constant instead of using this literal 'doctors' 8 times. [C:\Users\danew\repo\bcgov\moh-pidp\backend\webapi\pidp.csproj]
C:\Users\danew\repo\bcgov\moh-pidp\backend\webapi\Features\Parties\ProfileStatus.Model.cs(66,62): warning S1192: Define a constant instead of using this literal 'nursing' 6 times. [C:\Users\danew\repo\bcgov\moh-pidp\backend\webapi\pidp.csproj]
C:\Users\danew\repo\bcgov\moh-pidp\backend\webapi\Features\AccessRequests\Index.cs(14,20): warning S6964: Value type property used as input in a controller action should be nullable, required or annotated with the JsonRequiredAttribute to avoid under-posting. [C:\Users\danew\repo\bcgov\moh-pidp\backend\webapi\pidp.csproj]
C:\Users\danew\repo\bcgov\moh-pidp\backend\webapi\Features\AccessRequests\Index.cs(19,20): warning S6964: Value type property used as input in a controller action should be nullable, required or annotated with the JsonRequiredAttribute to avoid under-posting. [C:\Users\danew\repo\bcgov\moh-pidp\backend\webapi\pidp.csproj]
C:\Users\danew\repo\bcgov\moh-pidp\backend\webapi\Features\AccessRequests\Index.cs(20,31): warning S6964: Value type property used as input in a controller action should be nullable, required or annotated with the JsonRequiredAttribute to avoid under-posting. [C:\Users\danew\repo\bcgov\moh-pidp\backend\webapi\pidp.csproj]
C:\Users\danew\repo\bcgov\moh-pidp\backend\webapi\Features\AccessRequests\Index.cs(21,24): warning S6964: Value type property used as input in a controller action should be nullable, required or annotated with the JsonRequiredAttribute to avoid under-posting. [C:\Users\danew\repo\bcgov\moh-pidp\backend\webapi\pidp.csproj]
C:\Users\danew\repo\bcgov\moh-pidp\backend\webapi\Data\PidpDbContext.cs(66,32): warning S3267: Loop should be simplified by calling Select(entity => entity.DomainEvents)) [C:\Users\danew\repo\bcgov\moh-pidp\backend\webapi\pidp.csproj]
C:\Users\danew\repo\bcgov\moh-pidp\backend\webapi\Features\AccessRequests\DriverFitness.cs(21,20): warning S6964: Value type property used as input in a controller action should be nullable, required or annotated with the JsonRequiredAttribute to avoid under-posting. [C:\Users\danew\repo\bcgov\moh-pidp\backend\webapi\pidp.csproj]
C:\Users\danew\repo\bcgov\moh-pidp\backend\webapi\Features\VerifiedEmails\Create.cs(26,21): warning S6964: Value type property used as input in a controller action should be nullable, required or annotated with the JsonRequiredAttribute to avoid under-posting. [C:\Users\danew\repo\bcgov\moh-pidp\backend\webapi\pidp.csproj]
C:\Users\danew\repo\bcgov\moh-pidp\backend\webapi\Features\VerifiedEmails\Verify.cs(19,21): warning S6964: Value type property used as input in a controller action should be nullable, required or annotated with the JsonRequiredAttribute to avoid under-posting. [C:\Users\danew\repo\bcgov\moh-pidp\backend\webapi\pidp.csproj]
C:\Users\danew\repo\bcgov\moh-pidp\backend\webapi\Features\Banners\Index.cs(20,29): warning S6964: Value type property used as input in a controller action should be nullable, required or annotated with the JsonRequiredAttribute to avoid under-posting. [C:\Users\danew\repo\bcgov\moh-pidp\backend\webapi\pidp.csproj]
C:\Users\danew\repo\bcgov\moh-pidp\backend\webapi\Features\VerifiedEmails\Create.cs(51,66): warning CA1309: Use ordinal string comparison (https://learn.microsoft.com/dotnet/fundamentals/code-analysis/quality-rules/ca1309) [C:\Users\danew\repo\bcgov\moh-pidp\backend\webapi\pidp.csproj]
C:\Users\danew\repo\bcgov\moh-pidp\backend\webapi\Features\ClientLogs\Create.cs(14,25): warning S6964: Value type property used as input in a controller action should be nullable, required or annotated with the JsonRequiredAttribute to avoid under-posting. [C:\Users\danew\repo\bcgov\moh-pidp\backend\webapi\pidp.csproj]
C:\Users\danew\repo\bcgov\moh-pidp\backend\webapi\Features\AccessRequests\ImmsBCEforms.cs(29,20): warning S6964: Value type property used as input in a controller action should be nullable, required or annotated with the JsonRequiredAttribute to avoid under-posting. [C:\Users\danew\repo\bcgov\moh-pidp\backend\webapi\pidp.csproj]
C:\Users\danew\repo\bcgov\moh-pidp\backend\webapi\Infrastructure\Services\PlrStatusUpdateService.cs(29,23): warning S3776: Refactor this method to reduce its Cognitive Complexity from 19 to the 15 allowed. [C:\Users\danew\repo\bcgov\moh-pidp\backend\webapi\pidp.csproj]
C:\Users\danew\repo\bcgov\moh-pidp\backend\webapi\Features\AccessRequests\InfantRsvEforms.cs(29,20): warning S6964: Value type property used as input in a controller action should be nullable, required or annotated with the JsonRequiredAttribute to avoid under-posting. [C:\Users\danew\repo\bcgov\moh-pidp\backend\webapi\pidp.csproj]
C:\Users\danew\repo\bcgov\moh-pidp\backend\webapi\Features\AccessRequests\HcimAccountTransfer.cs(31,60): warning S6964: Value type property used as input in a controller action should be nullable, required or annotated with the JsonRequiredAttribute to avoid under-posting. [C:\Users\danew\repo\bcgov\moh-pidp\backend\webapi\pidp.csproj]
C:\Users\danew\repo\bcgov\moh-pidp\backend\webapi\Features\AccessRequests\MSTeamsClinicMember.cs(26,20): warning S6964: Value type property used as input in a controller action should be nullable, required or annotated with the JsonRequiredAttribute to avoid under-posting. [C:\Users\danew\repo\bcgov\moh-pidp\backend\webapi\pidp.csproj]
C:\Users\danew\repo\bcgov\moh-pidp\backend\webapi\Features\AccessRequests\ProviderReportingPortal.cs(21,20): warning S6964: Value type property used as input in a controller action should be nullable, required or annotated with the JsonRequiredAttribute to avoid under-posting. [C:\Users\danew\repo\bcgov\moh-pidp\backend\webapi\pidp.csproj]
C:\Users\danew\repo\bcgov\moh-pidp\backend\webapi\Features\AccessRequests\SAEforms.cs(30,20): warning S6964: Value type property used as input in a controller action should be nullable, required or annotated with the JsonRequiredAttribute to avoid under-posting. [C:\Users\danew\repo\bcgov\moh-pidp\backend\webapi\pidp.csproj]
C:\Users\danew\repo\bcgov\moh-pidp\backend\webapi\Features\Admin\PartyIndex.cs(15,20): warning S6964: Value type property used as input in a controller action should be nullable, required or annotated with the JsonRequiredAttribute to avoid under-posting. [C:\Users\danew\repo\bcgov\moh-pidp\backend\webapi\pidp.csproj]
C:\Users\danew\repo\bcgov\moh-pidp\backend\webapi\Features\Admin\PartyIndex.cs(18,21): warning S6964: Value type property used as input in a controller action should be nullable, required or annotated with the JsonRequiredAttribute to avoid under-posting. [C:\Users\danew\repo\bcgov\moh-pidp\backend\webapi\pidp.csproj]
C:\Users\danew\repo\bcgov\moh-pidp\backend\webapi\Features\AccessRequests\UserAccessAgreement.cs(18,20): warning S6964: Value type property used as input in a controller action should be nullable, required or annotated with the JsonRequiredAttribute to avoid under-posting. [C:\Users\danew\repo\bcgov\moh-pidp\backend\webapi\pidp.csproj]
C:\Users\danew\repo\bcgov\moh-pidp\backend\webapi\Infrastructure\Services\PlrStatusUpdateService.cs(45,37): warning S8733: Call 'AsSplitQuery' to avoid multiplying rows by including 'Credentials' and 'InvitedEntraAccounts' in the same query (a Cartesian explosion). [C:\Users\danew\repo\bcgov\moh-pidp\backend\webapi\pidp.csproj]
C:\Users\danew\repo\bcgov\moh-pidp\backend\webapi\Features\Admin\CredentialDelete.cs(14,20): warning S6964: Value type property used as input in a controller action should be nullable, required or annotated with the JsonRequiredAttribute to avoid under-posting. [C:\Users\danew\repo\bcgov\moh-pidp\backend\webapi\pidp.csproj]
C:\Users\danew\repo\bcgov\moh-pidp\backend\webapi\Features\Admin\CredentialDelete.cs(15,20): warning S6964: Value type property used as input in a controller action should be nullable, required or annotated with the JsonRequiredAttribute to avoid under-posting. [C:\Users\danew\repo\bcgov\moh-pidp\backend\webapi\pidp.csproj]
C:\Users\danew\repo\bcgov\moh-pidp\backend\webapi\Features\Admin\CredentialDelete.cs(16,21): warning S6964: Value type property used as input in a controller action should be nullable, required or annotated with the JsonRequiredAttribute to avoid under-posting. [C:\Users\danew\repo\bcgov\moh-pidp\backend\webapi\pidp.csproj]
C:\Users\danew\repo\bcgov\moh-pidp\backend\webapi\Features\Admin\PartyDelete.cs(29,41): warning S8733: Call 'AsSplitQuery' to avoid multiplying rows by including 'Credentials' and 'AccessRequests' in the same query (a Cartesian explosion). [C:\Users\danew\repo\bcgov\moh-pidp\backend\webapi\pidp.csproj]
C:\Users\danew\repo\bcgov\moh-pidp\backend\webapi\Features\Admin\CredentialDelete.cs(38,17): warning S1066: Merge this if statement with the enclosing one. [C:\Users\danew\repo\bcgov\moh-pidp\backend\webapi\pidp.csproj]
C:\Users\danew\repo\bcgov\moh-pidp\backend\webapi\Models\Party.cs(85,50): warning CA1309: Use ordinal string comparison (https://learn.microsoft.com/dotnet/fundamentals/code-analysis/quality-rules/ca1309) [C:\Users\danew\repo\bcgov\moh-pidp\backend\webapi\pidp.csproj]
C:\Users\danew\repo\bcgov\moh-pidp\backend\webapi\Features\Feedback\Create.cs(15,20): warning S6964: Value type property used as input in a controller action should be nullable, required or annotated with the JsonRequiredAttribute to avoid under-posting. [C:\Users\danew\repo\bcgov\moh-pidp\backend\webapi\pidp.csproj]
C:\Users\danew\repo\bcgov\moh-pidp\backend\webapi\Features\Discovery\DiscoveryController.cs(30,17): warning S2092: Set the 'Secure' flag on this cookie. [C:\Users\danew\repo\bcgov\moh-pidp\backend\webapi\pidp.csproj]
C:\Users\danew\repo\bcgov\moh-pidp\backend\webapi\Features\Discovery\Destination.cs(14,20): warning S6964: Value type property used as input in a controller action should be nullable, required or annotated with the JsonRequiredAttribute to avoid under-posting. [C:\Users\danew\repo\bcgov\moh-pidp\backend\webapi\pidp.csproj]
C:\Users\danew\repo\bcgov\moh-pidp\backend\webapi\Features\Discovery\Destination.cs(26,32): warning S6964: Value type property used as input in a controller action should be nullable, required or annotated with the JsonRequiredAttribute to avoid under-posting. [C:\Users\danew\repo\bcgov\moh-pidp\backend\webapi\pidp.csproj]
C:\Users\danew\repo\bcgov\moh-pidp\backend\webapi\Features\Discovery\Discovery.cs(39,27): warning S6964: Value type property used as input in a controller action should be nullable, required or annotated with the JsonRequiredAttribute to avoid under-posting. [C:\Users\danew\repo\bcgov\moh-pidp\backend\webapi\pidp.csproj]
C:\Users\danew\repo\bcgov\moh-pidp\backend\webapi\Features\Credentials\CredentialsController.cs(38,13): warning S2092: Set the 'Secure' flag on this cookie. [C:\Users\danew\repo\bcgov\moh-pidp\backend\webapi\pidp.csproj]
C:\Users\danew\repo\bcgov\moh-pidp\backend\webapi\Features\Endorsements\Index.cs(15,20): warning S6964: Value type property used as input in a controller action should be nullable, required or annotated with the JsonRequiredAttribute to avoid under-posting. [C:\Users\danew\repo\bcgov\moh-pidp\backend\webapi\pidp.csproj]
C:\Users\danew\repo\bcgov\moh-pidp\backend\webapi\Features\Endorsements\Index.cs(20,20): warning S6964: Value type property used as input in a controller action should be nullable, required or annotated with the JsonRequiredAttribute to avoid under-posting. [C:\Users\danew\repo\bcgov\moh-pidp\backend\webapi\pidp.csproj]
C:\Users\danew\repo\bcgov\moh-pidp\backend\webapi\Features\Endorsements\Index.cs(23,24): warning S6964: Value type property used as input in a controller action should be nullable, required or annotated with the JsonRequiredAttribute to avoid under-posting. [C:\Users\danew\repo\bcgov\moh-pidp\backend\webapi\pidp.csproj]
C:\Users\danew\repo\bcgov\moh-pidp\backend\webapi\Features\Endorsements\MSTeamsPrivacyOfficers.cs(15,20): warning S6964: Value type property used as input in a controller action should be nullable, required or annotated with the JsonRequiredAttribute to avoid under-posting. [C:\Users\danew\repo\bcgov\moh-pidp\backend\webapi\pidp.csproj]
C:\Users\danew\repo\bcgov\moh-pidp\backend\webapi\Features\Endorsements\MSTeamsPrivacyOfficers.cs(21,20): warning S6964: Value type property used as input in a controller action should be nullable, required or annotated with the JsonRequiredAttribute to avoid under-posting. [C:\Users\danew\repo\bcgov\moh-pidp\backend\webapi\pidp.csproj]
C:\Users\danew\repo\bcgov\moh-pidp\backend\webapi\Features\Credentials\Index.cs(12,20): warning S6964: Value type property used as input in a controller action should be nullable, required or annotated with the JsonRequiredAttribute to avoid under-posting. [C:\Users\danew\repo\bcgov\moh-pidp\backend\webapi\pidp.csproj]
C:\Users\danew\repo\bcgov\moh-pidp\backend\webapi\Features\Credentials\Index.cs(17,20): warning S6964: Value type property used as input in a controller action should be nullable, required or annotated with the JsonRequiredAttribute to avoid under-posting. [C:\Users\danew\repo\bcgov\moh-pidp\backend\webapi\pidp.csproj]
C:\Users\danew\repo\bcgov\moh-pidp\backend\webapi\Features\EndorsementRequests\Index.cs(15,20): warning S6964: Value type property used as input in a controller action should be nullable, required or annotated with the JsonRequiredAttribute to avoid under-posting. [C:\Users\danew\repo\bcgov\moh-pidp\backend\webapi\pidp.csproj]
C:\Users\danew\repo\bcgov\moh-pidp\backend\webapi\Features\EndorsementRequests\Index.cs(20,20): warning S6964: Value type property used as input in a controller action should be nullable, required or annotated with the JsonRequiredAttribute to avoid under-posting. [C:\Users\danew\repo\bcgov\moh-pidp\backend\webapi\pidp.csproj]
C:\Users\danew\repo\bcgov\moh-pidp\backend\webapi\Features\EndorsementRequests\Index.cs(25,41): warning S6964: Value type property used as input in a controller action should be nullable, required or annotated with the JsonRequiredAttribute to avoid under-posting. [C:\Users\danew\repo\bcgov\moh-pidp\backend\webapi\pidp.csproj]
C:\Users\danew\repo\bcgov\moh-pidp\backend\webapi\Features\EndorsementRequests\Index.cs(26,24): warning S6964: Value type property used as input in a controller action should be nullable, required or annotated with the JsonRequiredAttribute to avoid under-posting. [C:\Users\danew\repo\bcgov\moh-pidp\backend\webapi\pidp.csproj]
C:\Users\danew\repo\bcgov\moh-pidp\backend\webapi\Features\EndorsementRequests\Index.cs(27,21): warning S6964: Value type property used as input in a controller action should be nullable, required or annotated with the JsonRequiredAttribute to avoid under-posting. [C:\Users\danew\repo\bcgov\moh-pidp\backend\webapi\pidp.csproj]
C:\Users\danew\repo\bcgov\moh-pidp\backend\webapi\Features\Credentials\BCProvider.Details.cs(14,20): warning S6964: Value type property used as input in a controller action should be nullable, required or annotated with the JsonRequiredAttribute to avoid under-posting. [C:\Users\danew\repo\bcgov\moh-pidp\backend\webapi\pidp.csproj]
C:\Users\danew\repo\bcgov\moh-pidp\backend\webapi\Features\Endorsements\Cancel.cs(20,20): warning S6964: Value type property used as input in a controller action should be nullable, required or annotated with the JsonRequiredAttribute to avoid under-posting. [C:\Users\danew\repo\bcgov\moh-pidp\backend\webapi\pidp.csproj]
C:\Users\danew\repo\bcgov\moh-pidp\backend\webapi\Features\Endorsements\Cancel.cs(21,20): warning S6964: Value type property used as input in a controller action should be nullable, required or annotated with the JsonRequiredAttribute to avoid under-posting. [C:\Users\danew\repo\bcgov\moh-pidp\backend\webapi\pidp.csproj]
C:\Users\danew\repo\bcgov\moh-pidp\backend\webapi\Features\EndorsementRequests\Create.cs(24,21): warning S6964: Value type property used as input in a controller action should be nullable, required or annotated with the JsonRequiredAttribute to avoid under-posting. [C:\Users\danew\repo\bcgov\moh-pidp\backend\webapi\pidp.csproj]
C:\Users\danew\repo\bcgov\moh-pidp\backend\webapi\Features\EndorsementRequests\Create.cs(29,21): warning S6964: Value type property used as input in a controller action should be nullable, required or annotated with the JsonRequiredAttribute to avoid under-posting. [C:\Users\danew\repo\bcgov\moh-pidp\backend\webapi\pidp.csproj]
C:\Users\danew\repo\bcgov\moh-pidp\backend\webapi\Features\EndorsementRequests\Receive.cs(20,21): warning S6964: Value type property used as input in a controller action should be nullable, required or annotated with the JsonRequiredAttribute to avoid under-posting. [C:\Users\danew\repo\bcgov\moh-pidp\backend\webapi\pidp.csproj]
C:\Users\danew\repo\bcgov\moh-pidp\backend\webapi\Features\Credentials\BCProvider.ResetMfa.cs(14,20): warning S6964: Value type property used as input in a controller action should be nullable, required or annotated with the JsonRequiredAttribute to avoid under-posting. [C:\Users\danew\repo\bcgov\moh-pidp\backend\webapi\pidp.csproj]
C:\Users\danew\repo\bcgov\moh-pidp\backend\webapi\Features\EndorsementRequests\Approve.cs(20,20): warning S6964: Value type property used as input in a controller action should be nullable, required or annotated with the JsonRequiredAttribute to avoid under-posting. [C:\Users\danew\repo\bcgov\moh-pidp\backend\webapi\pidp.csproj]
C:\Users\danew\repo\bcgov\moh-pidp\backend\webapi\Features\EndorsementRequests\Approve.cs(21,20): warning S6964: Value type property used as input in a controller action should be nullable, required or annotated with the JsonRequiredAttribute to avoid under-posting. [C:\Users\danew\repo\bcgov\moh-pidp\backend\webapi\pidp.csproj]
C:\Users\danew\repo\bcgov\moh-pidp\backend\webapi\Features\EndorsementRequests\Index.cs(70,58): warning S8969: Remove this null-forgiving operator; the compiler already knows this expression is not null here. [C:\Users\danew\repo\bcgov\moh-pidp\backend\webapi\pidp.csproj]
C:\Users\danew\repo\bcgov\moh-pidp\backend\webapi\Features\Credentials\CredentialsController.cs(126,17): warning S2092: Set the 'Secure' flag on this cookie. [C:\Users\danew\repo\bcgov\moh-pidp\backend\webapi\pidp.csproj]
C:\Users\danew\repo\bcgov\moh-pidp\backend\webapi\Features\EndorsementRequests\Decline.cs(15,20): warning S6964: Value type property used as input in a controller action should be nullable, required or annotated with the JsonRequiredAttribute to avoid under-posting. [C:\Users\danew\repo\bcgov\moh-pidp\backend\webapi\pidp.csproj]
C:\Users\danew\repo\bcgov\moh-pidp\backend\webapi\Features\EndorsementRequests\Decline.cs(16,20): warning S6964: Value type property used as input in a controller action should be nullable, required or annotated with the JsonRequiredAttribute to avoid under-posting. [C:\Users\danew\repo\bcgov\moh-pidp\backend\webapi\pidp.csproj]
C:\Users\danew\repo\bcgov\moh-pidp\backend\webapi\Features\Credentials\BCProvider.InvitedEntraAccounts.cs(12,20): warning S6964: Value type property used as input in a controller action should be nullable, required or annotated with the JsonRequiredAttribute to avoid under-posting. [C:\Users\danew\repo\bcgov\moh-pidp\backend\webapi\pidp.csproj]
C:\Users\danew\repo\bcgov\moh-pidp\backend\webapi\Features\Discovery\Discovery.cs(67,63): warning S8969: Remove this null-forgiving operator; the compiler already knows this expression is not null here. [C:\Users\danew\repo\bcgov\moh-pidp\backend\webapi\pidp.csproj]
C:\Users\danew\repo\bcgov\moh-pidp\backend\webapi\Features\EndorsementRequests\EmailSearch.cs(33,74): warning CA1309: Use ordinal string comparison (https://learn.microsoft.com/dotnet/fundamentals/code-analysis/quality-rules/ca1309) [C:\Users\danew\repo\bcgov\moh-pidp\backend\webapi\pidp.csproj]
C:\Users\danew\repo\bcgov\moh-pidp\backend\webapi\Models\CredentialLinkTicket.cs(14,16): warning S6964: Value type property used as input in a controller action should be nullable, required or annotated with the JsonRequiredAttribute to avoid under-posting. [C:\Users\danew\repo\bcgov\moh-pidp\backend\webapi\pidp.csproj]
C:\Users\danew\repo\bcgov\moh-pidp\backend\webapi\Models\CredentialLinkTicket.cs(16,17): warning S6964: Value type property used as input in a controller action should be nullable, required or annotated with the JsonRequiredAttribute to avoid under-posting. [C:\Users\danew\repo\bcgov\moh-pidp\backend\webapi\pidp.csproj]
C:\Users\danew\repo\bcgov\moh-pidp\backend\webapi\Models\CredentialLinkTicket.cs(18,16): warning S6964: Value type property used as input in a controller action should be nullable, required or annotated with the JsonRequiredAttribute to avoid under-posting. [C:\Users\danew\repo\bcgov\moh-pidp\backend\webapi\pidp.csproj]
C:\Users\danew\repo\bcgov\moh-pidp\backend\webapi\Models\Party.cs(20,16): warning S6964: Value type property used as input in a controller action should be nullable, required or annotated with the JsonRequiredAttribute to avoid under-posting. [C:\Users\danew\repo\bcgov\moh-pidp\backend\webapi\pidp.csproj]
C:\Users\danew\repo\bcgov\moh-pidp\backend\webapi\Models\PartyLicenceDeclaration.cs(13,16): warning S6964: Value type property used as input in a controller action should be nullable, required or annotated with the JsonRequiredAttribute to avoid under-posting. [C:\Users\danew\repo\bcgov\moh-pidp\backend\webapi\pidp.csproj]
C:\Users\danew\repo\bcgov\moh-pidp\backend\webapi\Models\PartyLicenceDeclaration.cs(15,16): warning S6964: Value type property used as input in a controller action should be nullable, required or annotated with the JsonRequiredAttribute to avoid under-posting. [C:\Users\danew\repo\bcgov\moh-pidp\backend\webapi\pidp.csproj]
C:\Users\danew\repo\bcgov\moh-pidp\backend\webapi\Models\Lookups\College.cs(20,24): warning S6964: Value type property used as input in a controller action should be nullable, required or annotated with the JsonRequiredAttribute to avoid under-posting. [C:\Users\danew\repo\bcgov\moh-pidp\backend\webapi\pidp.csproj]
C:\Users\danew\repo\bcgov\moh-pidp\backend\webapi\Models\BaseEntity.cs(16,20): warning S6964: Value type property used as input in a controller action should be nullable, required or annotated with the JsonRequiredAttribute to avoid under-posting. [C:\Users\danew\repo\bcgov\moh-pidp\backend\webapi\pidp.csproj]
C:\Users\danew\repo\bcgov\moh-pidp\backend\webapi\Models\BaseEntity.cs(17,20): warning S6964: Value type property used as input in a controller action should be nullable, required or annotated with the JsonRequiredAttribute to avoid under-posting. [C:\Users\danew\repo\bcgov\moh-pidp\backend\webapi\pidp.csproj]
C:\Users\danew\repo\bcgov\moh-pidp\backend\webapi\Models\CredentialLinkTicket.cs(22,17): warning S6964: Value type property used as input in a controller action should be nullable, required or annotated with the JsonRequiredAttribute to avoid under-posting. [C:\Users\danew\repo\bcgov\moh-pidp\backend\webapi\pidp.csproj]
C:\Users\danew\repo\bcgov\moh-pidp\backend\webapi\Models\CredentialLinkTicket.cs(24,20): warning S6964: Value type property used as input in a controller action should be nullable, required or annotated with the JsonRequiredAttribute to avoid under-posting. [C:\Users\danew\repo\bcgov\moh-pidp\backend\webapi\pidp.csproj]
C:\Users\danew\repo\bcgov\moh-pidp\backend\webapi\Features\Credentials\CredentialsController.cs(149,13): warning S2092: Set the 'Secure' flag on this cookie. [C:\Users\danew\repo\bcgov\moh-pidp\backend\webapi\pidp.csproj]
C:\Users\danew\repo\bcgov\moh-pidp\backend\webapi\Models\Party.cs(112,42): warning S2589: Remove this unnecessary check for null. [C:\Users\danew\repo\bcgov\moh-pidp\backend\webapi\pidp.csproj]
C:\Users\danew\repo\bcgov\moh-pidp\backend\webapi\Features\Discovery\Discovery.cs(60,59): warning CA1309: Use ordinal string comparison (https://learn.microsoft.com/dotnet/fundamentals/code-analysis/quality-rules/ca1309) [C:\Users\danew\repo\bcgov\moh-pidp\backend\webapi\pidp.csproj]
C:\Users\danew\repo\bcgov\moh-pidp\backend\webapi\Models\Party.cs(162,20): warning S6966: Await GenerateAsync instead. [C:\Users\danew\repo\bcgov\moh-pidp\backend\webapi\pidp.csproj]
C:\Users\danew\repo\bcgov\moh-pidp\backend\webapi\Features\Credentials\BCProvider.Create.cs(142,95): warning S8969: Remove this null-forgiving operator; the compiler already knows this expression is not null here. [C:\Users\danew\repo\bcgov\moh-pidp\backend\webapi\pidp.csproj]
C:\Users\danew\repo\bcgov\moh-pidp\backend\webapi\Features\EndorsementRequests\Create.cs(84,80): warning CA1309: Use ordinal string comparison (https://learn.microsoft.com/dotnet/fundamentals/code-analysis/quality-rules/ca1309) [C:\Users\danew\repo\bcgov\moh-pidp\backend\webapi\pidp.csproj]
C:\Users\danew\repo\bcgov\moh-pidp\backend\webapi\Infrastructure\HttpClients\Mail\SmtpEmailClient.cs(15,26): warning S5332: EnableSsl should be set to true. [C:\Users\danew\repo\bcgov\moh-pidp\backend\webapi\pidp.csproj]
C:\Users\danew\repo\bcgov\moh-pidp\backend\webapi\Infrastructure\Services\PharmacyStaffDeactivationService.cs(26,23): warning S3776: Refactor this method to reduce its Cognitive Complexity from 27 to the 15 allowed. [C:\Users\danew\repo\bcgov\moh-pidp\backend\webapi\pidp.csproj]
C:\Users\danew\repo\bcgov\moh-pidp\backend\webapi\Infrastructure\HttpClients\Mail\Email.cs(62,31): warning S3267: Loops should be simplified using the "Where" LINQ method [C:\Users\danew\repo\bcgov\moh-pidp\backend\webapi\pidp.csproj]
C:\Users\danew\repo\bcgov\moh-pidp\backend\webapi\Infrastructure\HttpClients\Mail\Email.cs(70,31): warning S3267: Loops should be simplified using the "Where" LINQ method [C:\Users\danew\repo\bcgov\moh-pidp\backend\webapi\pidp.csproj]
C:\Users\danew\repo\bcgov\moh-pidp\backend\webapi\Features\Pharmacies\StaffUpdate.cs(35,23): warning CA2201: Exception type System.AccessViolationException is reserved by the runtime (https://learn.microsoft.com/dotnet/fundamentals/code-analysis/quality-rules/ca2201) [C:\Users\danew\repo\bcgov\moh-pidp\backend\webapi\pidp.csproj]
C:\Users\danew\repo\bcgov\moh-pidp\backend\webapi\Infrastructure\Services\PharmacyStaffDeactivationService.cs(89,56): warning S6678: Use PascalCase for named placeholders. [C:\Users\danew\repo\bcgov\moh-pidp\backend\webapi\pidp.csproj]
C:\Users\danew\repo\bcgov\moh-pidp\backend\webapi\Infrastructure\Services\PharmacyStaffDeactivationService.cs(93,50): warning S6678: Use PascalCase for named placeholders. [C:\Users\danew\repo\bcgov\moh-pidp\backend\webapi\pidp.csproj]
C:\Users\danew\repo\bcgov\moh-pidp\backend\webapi\Infrastructure\Services\PharmacyStaffDeactivationService.cs(102,42): warning S6678: Use PascalCase for named placeholders. [C:\Users\danew\repo\bcgov\moh-pidp\backend\webapi\pidp.csproj]
C:\Users\danew\repo\bcgov\moh-pidp\backend\webapi\Infrastructure\HttpClients\Plr\PlrClient.cs(38,10): warning S1116: Remove this empty statement. [C:\Users\danew\repo\bcgov\moh-pidp\backend\webapi\pidp.csproj]
C:\Users\danew\repo\bcgov\moh-pidp\backend\webapi\Infrastructure\Services\PharmacyStaffDeactivationService.cs(89,29): warning CA1873: Evaluation of this argument may be expensive and unnecessary if logging is disabled (https://learn.microsoft.com/dotnet/fundamentals/code-analysis/quality-rules/ca1873) [C:\Users\danew\repo\bcgov\moh-pidp\backend\webapi\pidp.csproj]
C:\Users\danew\repo\bcgov\moh-pidp\backend\webapi\Infrastructure\Services\PharmacyStaffDeactivationService.cs(89,56): warning CA1727: Use PascalCase for named placeholders in the logging message template (https://learn.microsoft.com/dotnet/fundamentals/code-analysis/quality-rules/ca1727) [C:\Users\danew\repo\bcgov\moh-pidp\backend\webapi\pidp.csproj]
C:\Users\danew\repo\bcgov\moh-pidp\backend\webapi\Infrastructure\Services\PharmacyStaffDeactivationService.cs(93,50): warning CA1727: Use PascalCase for named placeholders in the logging message template (https://learn.microsoft.com/dotnet/fundamentals/code-analysis/quality-rules/ca1727) [C:\Users\danew\repo\bcgov\moh-pidp\backend\webapi\pidp.csproj]
C:\Users\danew\repo\bcgov\moh-pidp\backend\webapi\Infrastructure\Services\PharmacyStaffDeactivationService.cs(102,42): warning CA1727: Use PascalCase for named placeholders in the logging message template (https://learn.microsoft.com/dotnet/fundamentals/code-analysis/quality-rules/ca1727) [C:\Users\danew\repo\bcgov\moh-pidp\backend\webapi\pidp.csproj]
C:\Users\danew\repo\bcgov\moh-pidp\backend\webapi\Infrastructure\Services\PharmacyStaffDeactivationService.cs(78,39): warning CA1305: The behavior of 'DateTime.ToString(string)' could vary based on the current user's locale settings. Replace this call in 'PharmacyStaffDeactivationService.DeactivateExpiredStaffAsync(CancellationToken)' with a call to 'DateTime.ToString(string, IFormatProvider)'. (https://learn.microsoft.com/dotnet/fundamentals/code-analysis/quality-rules/ca1305) [C:\Users\danew\repo\bcgov\moh-pidp\backend\webapi\pidp.csproj]
C:\Users\danew\repo\bcgov\moh-pidp\backend\webapi\Infrastructure\HttpClients\Keycloak\KeycloakAdministrationClient.cs(92,13): warning S1066: Merge this if statement with the enclosing one. [C:\Users\danew\repo\bcgov\moh-pidp\backend\webapi\pidp.csproj]
C:\Users\danew\repo\bcgov\moh-pidp\backend\webapi\Infrastructure\HttpClients\Keycloak\KeycloakAdministrationClient.cs(92,49): warning S6608: Indexing at Count-1 should be used instead of the "Enumerable" extension method "Last" [C:\Users\danew\repo\bcgov\moh-pidp\backend\webapi\pidp.csproj]
C:\Users\danew\repo\bcgov\moh-pidp\backend\webapi\Infrastructure\HttpClients\BCProvider\BCProviderClient.cs(191,38): warning S6678: Use PascalCase for named placeholders. [C:\Users\danew\repo\bcgov\moh-pidp\backend\webapi\pidp.csproj]
C:\Users\danew\repo\bcgov\moh-pidp\backend\webapi\Infrastructure\HttpClients\BCProvider\BCProviderClient.cs(191,38): warning CA1727: Use PascalCase for named placeholders in the logging message template (https://learn.microsoft.com/dotnet/fundamentals/code-analysis/quality-rules/ca1727) [C:\Users\danew\repo\bcgov\moh-pidp\backend\webapi\pidp.csproj]
C:\Users\danew\repo\bcgov\moh-pidp\backend\webapi\Infrastructure\HttpClients\BCProvider\BCProviderClient.cs(196,29): warning S3776: Refactor this method to reduce its Cognitive Complexity from 16 to the 15 allowed. [C:\Users\danew\repo\bcgov\moh-pidp\backend\webapi\pidp.csproj]
C:\Users\danew\repo\bcgov\moh-pidp\backend\webapi\Infrastructure\HttpClients\BCProvider\BCProviderClient.cs(205,17): warning S2589: Change this condition so that it does not always evaluate to 'False'. [C:\Users\danew\repo\bcgov\moh-pidp\backend\webapi\pidp.csproj]
C:\Users\danew\repo\bcgov\moh-pidp\backend\webapi\Features\Credentials\BCProvider.Invite.cs(63,98): warning CA1309: Use ordinal string comparison (https://learn.microsoft.com/dotnet/fundamentals/code-analysis/quality-rules/ca1309) [C:\Users\danew\repo\bcgov\moh-pidp\backend\webapi\pidp.csproj]
C:\Users\danew\repo\bcgov\moh-pidp\backend\webapi\Features\Pharmacies\PharmacyCreate.cs(24,20): warning S6964: Value type property used as input in a controller action should be nullable, required or annotated with the JsonRequiredAttribute to avoid under-posting. [C:\Users\danew\repo\bcgov\moh-pidp\backend\webapi\pidp.csproj]
C:\Users\danew\repo\bcgov\moh-pidp\backend\webapi\Features\AccessRequests\MSTeamsClinicMember.cs(174,49): warning S8969: Remove this null-forgiving operator; the compiler already knows this expression is not null here. [C:\Users\danew\repo\bcgov\moh-pidp\backend\webapi\pidp.csproj]
C:\Users\danew\repo\bcgov\moh-pidp\backend\webapi\Features\Pharmacies\PharmacyUpdate.cs(15,20): warning S6964: Value type property used as input in a controller action should be nullable, required or annotated with the JsonRequiredAttribute to avoid under-posting. [C:\Users\danew\repo\bcgov\moh-pidp\backend\webapi\pidp.csproj]
C:\Users\danew\repo\bcgov\moh-pidp\backend\webapi\Features\Pharmacies\PharmacyUpdate.cs(23,20): warning S6964: Value type property used as input in a controller action should be nullable, required or annotated with the JsonRequiredAttribute to avoid under-posting. [C:\Users\danew\repo\bcgov\moh-pidp\backend\webapi\pidp.csproj]
C:\Users\danew\repo\bcgov\moh-pidp\backend\webapi\Features\Pharmacies\StaffUpdate.cs(15,20): warning S6964: Value type property used as input in a controller action should be nullable, required or annotated with the JsonRequiredAttribute to avoid under-posting. [C:\Users\danew\repo\bcgov\moh-pidp\backend\webapi\pidp.csproj]
C:\Users\danew\repo\bcgov\moh-pidp\backend\webapi\Features\Pharmacies\StaffUpdate.cs(16,20): warning S6964: Value type property used as input in a controller action should be nullable, required or annotated with the JsonRequiredAttribute to avoid under-posting. [C:\Users\danew\repo\bcgov\moh-pidp\backend\webapi\pidp.csproj]
C:\Users\danew\repo\bcgov\moh-pidp\backend\webapi\Features\Pharmacies\StaffUpdate.cs(20,20): warning S6964: Value type property used as input in a controller action should be nullable, required or annotated with the JsonRequiredAttribute to avoid under-posting. [C:\Users\danew\repo\bcgov\moh-pidp\backend\webapi\pidp.csproj]
C:\Users\danew\repo\bcgov\moh-pidp\backend\webapi\Features\Lookups\CommonEmailDomains.cs(30,75): warning CA1866: Use 'string.IndexOf(char)' instead of 'string.IndexOf(string)' when you have a string with a single char (https://learn.microsoft.com/dotnet/fundamentals/code-analysis/quality-rules/ca1866) [C:\Users\danew\repo\bcgov\moh-pidp\backend\webapi\pidp.csproj]
C:\Users\danew\repo\bcgov\moh-pidp\backend\webapi\Features\Lookups\CommonEmailDomains.cs(30,101): warning CA1309: Use ordinal string comparison (https://learn.microsoft.com/dotnet/fundamentals/code-analysis/quality-rules/ca1309) [C:\Users\danew\repo\bcgov\moh-pidp\backend\webapi\pidp.csproj]
C:\Users\danew\repo\bcgov\moh-pidp\backend\webapi\Data\Migrations\20230113204609_Credentials.cs(95,31): warning S4581: Use 'Guid.NewGuid()' or 'Guid.Empty' or add arguments to this GUID instantiation. [C:\Users\danew\repo\bcgov\moh-pidp\backend\webapi\pidp.csproj]
C:\Users\danew\repo\bcgov\moh-pidp\backend\webapi\Features\Credentials\Create.cs(77,63): warning CA1309: Use ordinal string comparison (https://learn.microsoft.com/dotnet/fundamentals/code-analysis/quality-rules/ca1309) [C:\Users\danew\repo\bcgov\moh-pidp\backend\webapi\pidp.csproj]
C:\Users\danew\repo\bcgov\moh-pidp\backend\webapi\Features\Parties\Create.cs(18,21): warning S6964: Value type property used as input in a controller action should be nullable, required or annotated with the JsonRequiredAttribute to avoid under-posting. [C:\Users\danew\repo\bcgov\moh-pidp\backend\webapi\pidp.csproj]
C:\Users\danew\repo\bcgov\moh-pidp\backend\webapi\Features\Parties\CollegeCertifications.cs(17,20): warning S6964: Value type property used as input in a controller action should be nullable, required or annotated with the JsonRequiredAttribute to avoid under-posting. [C:\Users\danew\repo\bcgov\moh-pidp\backend\webapi\pidp.csproj]
C:\Users\danew\repo\bcgov\moh-pidp\backend\webapi\Features\Parties\CollegeCertifications.cs(28,21): warning S6964: Value type property used as input in a controller action should be nullable, required or annotated with the JsonRequiredAttribute to avoid under-posting. [C:\Users\danew\repo\bcgov\moh-pidp\backend\webapi\pidp.csproj]
C:\Users\danew\repo\bcgov\moh-pidp\backend\webapi\Features\Parties\Demographics.cs(23,20): warning S6964: Value type property used as input in a controller action should be nullable, required or annotated with the JsonRequiredAttribute to avoid under-posting. [C:\Users\danew\repo\bcgov\moh-pidp\backend\webapi\pidp.csproj]
C:\Users\danew\repo\bcgov\moh-pidp\backend\webapi\Features\Parties\LicenceDeclaration.cs(22,20): warning S6964: Value type property used as input in a controller action should be nullable, required or annotated with the JsonRequiredAttribute to avoid under-posting. [C:\Users\danew\repo\bcgov\moh-pidp\backend\webapi\pidp.csproj]
C:\Users\danew\repo\bcgov\moh-pidp\backend\webapi\Features\Parties\ProfileStatus.cs(23,20): warning S6964: Value type property used as input in a controller action should be nullable, required or annotated with the JsonRequiredAttribute to avoid under-posting. [C:\Users\danew\repo\bcgov\moh-pidp\backend\webapi\pidp.csproj]
C:\Users\danew\repo\bcgov\moh-pidp\backend\webapi\Data\Migrations\20240527105030_DotNet8Upgrade.cs(13,30): warning S8747: Convert the existing data to fit the new type before narrowing column "Discriminator"; otherwise this migration may truncate values or fail. [C:\Users\danew\repo\bcgov\moh-pidp\backend\webapi\pidp.csproj]
C:\Users\danew\repo\bcgov\moh-pidp\backend\webapi\Data\Migrations\20240527105030_DotNet8Upgrade.cs(22,30): warning S8747: Convert the existing data to fit the new type before narrowing column "Discriminator"; otherwise this migration may truncate values or fail. [C:\Users\danew\repo\bcgov\moh-pidp\backend\webapi\pidp.csproj]
C:\Users\danew\repo\bcgov\moh-pidp\backend\webapi\Features\AddressAutocomplete\AddressAutocompleteController.cs(21,15): warning ASP0018: Unused route parameter 'id' (https://aka.ms/aspnet/analyzers) [C:\Users\danew\repo\bcgov\moh-pidp\backend\webapi\pidp.csproj]
C:\Users\danew\repo\bcgov\moh-pidp\backend\webapi\Features\Admin\AdminController.cs(27,26): warning ASP0018: Unused route parameter 'partyId' (https://aka.ms/aspnet/analyzers) [C:\Users\danew\repo\bcgov\moh-pidp\backend\webapi\pidp.csproj]
C:\Users\danew\repo\bcgov\moh-pidp\backend\webapi\Features\Discovery\DiscoveryController.cs(40,15): warning ASP0018: Unused route parameter 'partyId' (https://aka.ms/aspnet/analyzers) [C:\Users\danew\repo\bcgov\moh-pidp\backend\webapi\pidp.csproj]
C:\Users\danew\repo\bcgov\moh-pidp\backend\webapi\Features\EndorsementRequests\EndorsementRequestsController.cs(63,16): warning ASP0018: Unused route parameter 'endorsementRequestId' (https://aka.ms/aspnet/analyzers) [C:\Users\danew\repo\bcgov\moh-pidp\backend\webapi\pidp.csproj]
C:\Users\danew\repo\bcgov\moh-pidp\backend\webapi\Features\EndorsementRequests\EndorsementRequestsController.cs(72,16): warning ASP0018: Unused route parameter 'endorsementRequestId' (https://aka.ms/aspnet/analyzers) [C:\Users\danew\repo\bcgov\moh-pidp\backend\webapi\pidp.csproj]
C:\Users\danew\repo\bcgov\moh-pidp\backend\webapi\Features\Endorsements\EndorsementsController.cs(33,16): warning ASP0018: Unused route parameter 'endorsementId' (https://aka.ms/aspnet/analyzers) [C:\Users\danew\repo\bcgov\moh-pidp\backend\webapi\pidp.csproj]
C:\Users\danew\repo\bcgov\moh-pidp\backend\webapi\Features\Parties\PartiesController.cs(24,15): warning ASP0018: Unused route parameter 'partyId' (https://aka.ms/aspnet/analyzers) [C:\Users\danew\repo\bcgov\moh-pidp\backend\webapi\pidp.csproj]
C:\Users\danew\repo\bcgov\moh-pidp\backend\webapi\Features\Parties\PartiesController.cs(33,15): warning ASP0018: Unused route parameter 'id' (https://aka.ms/aspnet/analyzers) [C:\Users\danew\repo\bcgov\moh-pidp\backend\webapi\pidp.csproj]
C:\Users\danew\repo\bcgov\moh-pidp\backend\webapi\Features\Parties\PartiesController.cs(42,15): warning ASP0018: Unused route parameter 'id' (https://aka.ms/aspnet/analyzers) [C:\Users\danew\repo\bcgov\moh-pidp\backend\webapi\pidp.csproj]
C:\Users\danew\repo\bcgov\moh-pidp\backend\webapi\Features\Parties\PartiesController.cs(51,15): warning ASP0018: Unused route parameter 'partyId' (https://aka.ms/aspnet/analyzers) [C:\Users\danew\repo\bcgov\moh-pidp\backend\webapi\pidp.csproj]
C:\Users\danew\repo\bcgov\moh-pidp\backend\webapi\Features\Parties\PartiesController.cs(60,15): warning ASP0018: Unused route parameter 'partyId' (https://aka.ms/aspnet/analyzers) [C:\Users\danew\repo\bcgov\moh-pidp\backend\webapi\pidp.csproj]
C:\Users\danew\repo\bcgov\moh-pidp\backend\webapi\Features\Parties\PartiesController.cs(69,15): warning ASP0018: Unused route parameter 'id' (https://aka.ms/aspnet/analyzers) [C:\Users\danew\repo\bcgov\moh-pidp\backend\webapi\pidp.csproj]
C:\Users\danew\repo\bcgov\moh-pidp\backend\webapi\Features\ThirdPartyIntegrations\ThirdPartyintegrationsController.cs(14,23): warning ASP0018: Unused route parameter 'hpdid' (https://aka.ms/aspnet/analyzers) [C:\Users\danew\repo\bcgov\moh-pidp\backend\webapi\pidp.csproj]
C:\Users\danew\repo\bcgov\moh-pidp\backend\tools.do-work\appsettings.json(9,22): warning S2068: "password" detected here, make sure this is not a hard-coded credential. [C:\Users\danew\repo\bcgov\moh-pidp\backend\tools.do-work\do-work.csproj]
C:\Users\danew\repo\bcgov\moh-pidp\backend\tools.do-work\Program.cs(12,1): warning S125: Remove this commented out code. [C:\Users\danew\repo\bcgov\moh-pidp\backend\tools.do-work\do-work.csproj]
C:\Users\danew\repo\bcgov\moh-pidp\backend\tools.do-work\DoWorkService.cs(11,13): warning S1481: Remove the unused local variable 'placeholder'. [C:\Users\danew\repo\bcgov\moh-pidp\backend\tools.do-work\do-work.csproj]
C:\Users\danew\repo\bcgov\moh-pidp\backend\webapi.tests\Features\AccessRequests\MSTeamsClinicMember.cs(138,25): warning CS8604: Possible null reference argument for parameter 'expectedSubstring' in 'void Assert.Contains(string expectedSubstring, string? actualString)'. [C:\Users\danew\repo\bcgov\moh-pidp\backend\webapi.tests\pidp.tests.csproj]
C:\Users\danew\repo\bcgov\moh-pidp\backend\webapi.tests\Features\AccessRequests\MSTeamsPrivacyOfficer.cs(116,25): warning CS8604: Possible null reference argument for parameter 'expectedSubstring' in 'void Assert.Contains(string expectedSubstring, string? actualString)'. [C:\Users\danew\repo\bcgov\moh-pidp\backend\webapi.tests\pidp.tests.csproj]
C:\Users\danew\repo\bcgov\moh-pidp\backend\webapi.tests\TestingUtils.Tests.AssertThat.cs(9,6): warning xUnit1042: The member referenced by the MemberData attribute returns untyped data rows, such as object[]. Consider using TheoryData<> as the return type to provide better type safety. (https://xunit.net/xunit.analyzers/rules/xUnit1042) [C:\Users\danew\repo\bcgov\moh-pidp\backend\webapi.tests\pidp.tests.csproj]
C:\Users\danew\repo\bcgov\moh-pidp\backend\webapi.tests\TestingUtils.Tests.AssertThat.cs(25,6): warning xUnit1042: The member referenced by the MemberData attribute returns untyped data rows, such as object[]. Consider using TheoryData<> as the return type to provide better type safety. (https://xunit.net/xunit.analyzers/rules/xUnit1042) [C:\Users\danew\repo\bcgov\moh-pidp\backend\webapi.tests\pidp.tests.csproj]
C:\Users\danew\repo\bcgov\moh-pidp\backend\webapi.tests\TestingUtils.Tests.AssertThat.cs(47,6): warning xUnit1042: The member referenced by the MemberData attribute returns untyped data rows, such as object[]. Consider using TheoryData<> as the return type to provide better type safety. (https://xunit.net/xunit.analyzers/rules/xUnit1042) [C:\Users\danew\repo\bcgov\moh-pidp\backend\webapi.tests\pidp.tests.csproj]
C:\Users\danew\repo\bcgov\moh-pidp\backend\webapi.tests\Features\AccessRequests\MSTeamsPrivacyOfficer.cs(18,6): warning xUnit1042: The member referenced by the MemberData attribute returns untyped data rows, such as object[]. Consider using TheoryData<> as the return type to provide better type safety. (https://xunit.net/xunit.analyzers/rules/xUnit1042) [C:\Users\danew\repo\bcgov\moh-pidp\backend\webapi.tests\pidp.tests.csproj]
C:\Users\danew\repo\bcgov\moh-pidp\backend\webapi.tests\Features\AccessRequests\DriverFitness.cs(22,6): warning xUnit1042: The member referenced by the MemberData attribute returns untyped data rows, such as object[]. Consider using TheoryData<> as the return type to provide better type safety. (https://xunit.net/xunit.analyzers/rules/xUnit1042) [C:\Users\danew\repo\bcgov\moh-pidp\backend\webapi.tests\pidp.tests.csproj]
C:\Users\danew\repo\bcgov\moh-pidp\backend\webapi.tests\Features\AccessRequests\SAEforms.cs(17,6): warning xUnit1045: The type argument IdentifierType might not be serializable, which may cause Test Explorer to not enumerate individual data rows. Consider using a type that is known to be serializable. (https://xunit.net/xunit.analyzers/rules/xUnit1045) [C:\Users\danew\repo\bcgov\moh-pidp\backend\webapi.tests\pidp.tests.csproj]
C:\Users\danew\repo\bcgov\moh-pidp\backend\webapi.tests\Extensions\HttpResponseExtensions.cs(50,9): warning ASP0019: Use IHeaderDictionary.Append or the indexer to append or set headers. IDictionary.Add will throw an ArgumentException when attempting to add a duplicate key. (https://aka.ms/aspnet/analyzers) [C:\Users\danew\repo\bcgov\moh-pidp\backend\webapi.tests\pidp.tests.csproj]
C:\Users\danew\repo\bcgov\moh-pidp\backend\webapi.tests\Features\Credentials\BCProvider.Create.cs(20,6): warning xUnit1042: The member referenced by the MemberData attribute returns untyped data rows, such as object[]. Consider using TheoryData<> as the return type to provide better type safety. (https://xunit.net/xunit.analyzers/rules/xUnit1042) [C:\Users\danew\repo\bcgov\moh-pidp\backend\webapi.tests\pidp.tests.csproj]
C:\Users\danew\repo\bcgov\moh-pidp\backend\webapi.tests\Infrastructure\HttpClients\PlrClientDefinitions.PlrStatusDigest.cs(108,6): warning xUnit1042: The member referenced by the MemberData attribute returns untyped data rows, such as object[]. Consider using TheoryData<> as the return type to provide better type safety. (https://xunit.net/xunit.analyzers/rules/xUnit1042) [C:\Users\danew\repo\bcgov\moh-pidp\backend\webapi.tests\pidp.tests.csproj]
C:\Users\danew\repo\bcgov\moh-pidp\backend\webapi.tests\Features\AccessRequests\DriverFitness.cs(71,6): warning xUnit1042: The member referenced by the MemberData attribute returns untyped data rows, such as object[]. Consider using TheoryData<> as the return type to provide better type safety. (https://xunit.net/xunit.analyzers/rules/xUnit1042) [C:\Users\danew\repo\bcgov\moh-pidp\backend\webapi.tests\pidp.tests.csproj]
C:\Users\danew\repo\bcgov\moh-pidp\backend\webapi.tests\Infrastructure\HttpClients\PlrClientDefinitions.PlrStatusDigest.cs(140,6): warning xUnit1042: The member referenced by the MemberData attribute returns untyped data rows, such as object[]. Consider using TheoryData<> as the return type to provide better type safety. (https://xunit.net/xunit.analyzers/rules/xUnit1042) [C:\Users\danew\repo\bcgov\moh-pidp\backend\webapi.tests\pidp.tests.csproj]
C:\Users\danew\repo\bcgov\moh-pidp\backend\webapi.tests\Features\Parties\ProfileStatus.SAEforms.cs(20,6): warning xUnit1042: The member referenced by the MemberData attribute returns untyped data rows, such as object[]. Consider using TheoryData<> as the return type to provide better type safety. (https://xunit.net/xunit.analyzers/rules/xUnit1042) [C:\Users\danew\repo\bcgov\moh-pidp\backend\webapi.tests\pidp.tests.csproj]
C:\Users\danew\repo\bcgov\moh-pidp\backend\webapi.tests\Features\EndorsementRequests\Index.cs(44,6): warning xUnit1042: The member referenced by the MemberData attribute returns untyped data rows, such as object[]. Consider using TheoryData<> as the return type to provide better type safety. (https://xunit.net/xunit.analyzers/rules/xUnit1042) [C:\Users\danew\repo\bcgov\moh-pidp\backend\webapi.tests\pidp.tests.csproj]
C:\Users\danew\repo\bcgov\moh-pidp\backend\webapi.tests\Features\Parties\ProfileStatus.ProvincialAttachmentSystem.cs(19,6): warning xUnit1042: The member referenced by the MemberData attribute returns untyped data rows, such as object[]. Consider using TheoryData<> as the return type to provide better type safety. (https://xunit.net/xunit.analyzers/rules/xUnit1042) [C:\Users\danew\repo\bcgov\moh-pidp\backend\webapi.tests\pidp.tests.csproj]
C:\Users\danew\repo\bcgov\moh-pidp\backend\webapi.tests\Infrastructure\HttpClients\BaseClient.cs(32,6): warning xUnit1042: The member referenced by the MemberData attribute returns untyped data rows, such as object[]. Consider using TheoryData<> as the return type to provide better type safety. (https://xunit.net/xunit.analyzers/rules/xUnit1042) [C:\Users\danew\repo\bcgov\moh-pidp\backend\webapi.tests\pidp.tests.csproj]
C:\Users\danew\repo\bcgov\moh-pidp\backend\webapi.tests\Features\Parties\ProfileStatus.SAEforms.cs(38,6): warning xUnit1042: The member referenced by the MemberData attribute returns untyped data rows, such as object[]. Consider using TheoryData<> as the return type to provide better type safety. (https://xunit.net/xunit.analyzers/rules/xUnit1042) [C:\Users\danew\repo\bcgov\moh-pidp\backend\webapi.tests\pidp.tests.csproj]
C:\Users\danew\repo\bcgov\moh-pidp\backend\webapi.tests\Infrastructure\HttpClients\BaseClient.cs(49,6): warning xUnit1042: The member referenced by the MemberData attribute returns untyped data rows, such as object[]. Consider using TheoryData<> as the return type to provide better type safety. (https://xunit.net/xunit.analyzers/rules/xUnit1042) [C:\Users\danew\repo\bcgov\moh-pidp\backend\webapi.tests\pidp.tests.csproj]
C:\Users\danew\repo\bcgov\moh-pidp\backend\webapi.tests\Features\Parties\ProfileStatus.ProvincialAttachmentSystem.cs(57,6): warning xUnit1042: The member referenced by the MemberData attribute returns untyped data rows, such as object[]. Consider using TheoryData<> as the return type to provide better type safety. (https://xunit.net/xunit.analyzers/rules/xUnit1042) [C:\Users\danew\repo\bcgov\moh-pidp\backend\webapi.tests\pidp.tests.csproj]
C:\Users\danew\repo\bcgov\moh-pidp\backend\webapi.tests\Infrastructure\HttpClients\BaseClient.cs(62,6): warning xUnit1042: The member referenced by the MemberData attribute returns untyped data rows, such as object[]. Consider using TheoryData<> as the return type to provide better type safety. (https://xunit.net/xunit.analyzers/rules/xUnit1042) [C:\Users\danew\repo\bcgov\moh-pidp\backend\webapi.tests\pidp.tests.csproj]
C:\Users\danew\repo\bcgov\moh-pidp\backend\webapi.tests\Features\Parties\ProfileStatus.SAEforms.cs(56,6): warning xUnit1042: The member referenced by the MemberData attribute returns untyped data rows, such as object[]. Consider using TheoryData<> as the return type to provide better type safety. (https://xunit.net/xunit.analyzers/rules/xUnit1042) [C:\Users\danew\repo\bcgov\moh-pidp\backend\webapi.tests\pidp.tests.csproj]
C:\Users\danew\repo\bcgov\moh-pidp\backend\webapi.tests\Infrastructure\HttpClients\BCProviderClient.cs(18,6): warning xUnit1042: The member referenced by the MemberData attribute returns untyped data rows, such as object[]. Consider using TheoryData<> as the return type to provide better type safety. (https://xunit.net/xunit.analyzers/rules/xUnit1042) [C:\Users\danew\repo\bcgov\moh-pidp\backend\webapi.tests\pidp.tests.csproj]
C:\Users\danew\repo\bcgov\moh-pidp\backend\webapi.tests\Infrastructure\HttpClients\BaseClient.cs(75,6): warning xUnit1042: The member referenced by the MemberData attribute returns untyped data rows, such as object[]. Consider using TheoryData<> as the return type to provide better type safety. (https://xunit.net/xunit.analyzers/rules/xUnit1042) [C:\Users\danew\repo\bcgov\moh-pidp\backend\webapi.tests\pidp.tests.csproj]
C:\Users\danew\repo\bcgov\moh-pidp\backend\webapi.tests\Infrastructure\HttpClients\BCProviderClient.cs(37,166): warning CA1869: Avoid creating a new 'JsonSerializerOptions' instance for every serialization operation. Cache and reuse instances instead. (https://learn.microsoft.com/dotnet/fundamentals/code-analysis/quality-rules/ca1869) [C:\Users\danew\repo\bcgov\moh-pidp\backend\webapi.tests\pidp.tests.csproj]
C:\Users\danew\repo\bcgov\moh-pidp\backend\webapi.tests\Features\Parties\LicenceDeclaration.cs(16,6): warning xUnit1042: The member referenced by the MemberData attribute returns untyped data rows, such as object[]. Consider using TheoryData<> as the return type to provide better type safety. (https://xunit.net/xunit.analyzers/rules/xUnit1042) [C:\Users\danew\repo\bcgov\moh-pidp\backend\webapi.tests\pidp.tests.csproj]
C:\Users\danew\repo\bcgov\moh-pidp\backend\webapi.tests\Infrastructure\HttpClients\BaseClient.cs(97,6): warning xUnit1042: The member referenced by the MemberData attribute returns untyped data rows, such as object[]. Consider using TheoryData<> as the return type to provide better type safety. (https://xunit.net/xunit.analyzers/rules/xUnit1042) [C:\Users\danew\repo\bcgov\moh-pidp\backend\webapi.tests\pidp.tests.csproj]
C:\Users\danew\repo\bcgov\moh-pidp\backend\webapi.tests\Infrastructure\HttpClients\KeycloakAdministrationClient.cs(52,96): warning CA1869: Avoid creating a new 'JsonSerializerOptions' instance for every serialization operation. Cache and reuse instances instead. (https://learn.microsoft.com/dotnet/fundamentals/code-analysis/quality-rules/ca1869) [C:\Users\danew\repo\bcgov\moh-pidp\backend\webapi.tests\pidp.tests.csproj]
C:\Users\danew\repo\bcgov\moh-pidp\backend\webapi.tests\Features\Parties\LicenceDeclaration.cs(51,6): warning xUnit1042: The member referenced by the MemberData attribute returns untyped data rows, such as object[]. Consider using TheoryData<> as the return type to provide better type safety. (https://xunit.net/xunit.analyzers/rules/xUnit1042) [C:\Users\danew\repo\bcgov\moh-pidp\backend\webapi.tests\pidp.tests.csproj]
C:\Users\danew\repo\bcgov\moh-pidp\backend\webapi.tests\Features\Parties\ProfileStatus.SAEforms.cs(97,6): warning xUnit1042: The member referenced by the MemberData attribute returns untyped data rows, such as object[]. Consider using TheoryData<> as the return type to provide better type safety. (https://xunit.net/xunit.analyzers/rules/xUnit1042) [C:\Users\danew\repo\bcgov\moh-pidp\backend\webapi.tests\pidp.tests.csproj]
C:\Users\danew\repo\bcgov\moh-pidp\backend\webapi.tests\Infrastructure\HttpClients\KeycloakAdministrationClient.cs(95,96): warning CA1869: Avoid creating a new 'JsonSerializerOptions' instance for every serialization operation. Cache and reuse instances instead. (https://learn.microsoft.com/dotnet/fundamentals/code-analysis/quality-rules/ca1869) [C:\Users\danew\repo\bcgov\moh-pidp\backend\webapi.tests\pidp.tests.csproj]
C:\Users\danew\repo\bcgov\moh-pidp\backend\webapi.tests\Infrastructure\HttpClients\BaseClient.cs(110,6): warning xUnit1042: The member referenced by the MemberData attribute returns untyped data rows, such as object[]. Consider using TheoryData<> as the return type to provide better type safety. (https://xunit.net/xunit.analyzers/rules/xUnit1042) [C:\Users\danew\repo\bcgov\moh-pidp\backend\webapi.tests\pidp.tests.csproj]
C:\Users\danew\repo\bcgov\moh-pidp\backend\services.endorsement-reminder\appsettings.json(11,22): warning S2068: "password" detected here, make sure this is not a hard-coded credential. [C:\Users\danew\repo\bcgov\moh-pidp\backend\services.endorsement-reminder\endorsement-reminder.csproj]
C:\Users\danew\repo\bcgov\moh-pidp\backend\services.endorsement-reminder.tests\EndorsementMaintenanceService.cs(17,6): warning xUnit1042: The member referenced by the MemberData attribute returns untyped data rows, such as object[]. Consider using TheoryData<> as the return type to provide better type safety. (https://xunit.net/xunit.analyzers/rules/xUnit1042) [C:\Users\danew\repo\bcgov\moh-pidp\backend\services.endorsement-reminder.tests\endorsement-reminder.tests.csproj]
C:\Users\danew\repo\bcgov\moh-pidp\backend\services.endorsement-reminder.tests\EndorsementMaintenanceService.cs(61,6): warning xUnit1042: The member referenced by the MemberData attribute returns untyped data rows, such as object[]. Consider using TheoryData<> as the return type to provide better type safety. (https://xunit.net/xunit.analyzers/rules/xUnit1042) [C:\Users\danew\repo\bcgov\moh-pidp\backend\services.endorsement-reminder.tests\endorsement-reminder.tests.csproj]
    234 Warning(s)
    0 Error(s)

Time Elapsed 00:00:21.13
SonarScanner for .NET 11.2.1
Using the .NET Core version of the Scanner for .NET
Post-processing started.
11:09:50.794  Starting with Scanner for .NET v8 the way the `sonar.projectBaseDir` property is automatically detected has changed and this has an impact on the files that are analyzed and other properties that are resolved relative to it like `sonar.exclusions` and `sonar.test.exclusions`. If you would like to customize the behavior, please set the `sonar.projectBaseDir` property to point to a directory that contains all the source code you want to analyze. The path may be relative (to the directory from which the analysis was started) or absolute.
11:09:54.431  Using Java found in Analysis Config: C:\Users\danew\.sonar\cache\be26677aaa20b39a62edcaab4c8857a8b76673b0f45abc0b6143b142b62717e4\OpenJDK21U-jre_x64_windows_hotspot_21.0.11_10.zip_extracted\jdk-21.0.11+10-jre\bin\java.exe
11:09:54.757  INFO: Starting SonarScanner Engine...
11:09:54.757  INFO: Java 21.0.11 Eclipse Adoptium (64-bit)
11:09:55.604  INFO: Load global settings
11:09:56.347  INFO: Load global settings (done) | time=737ms
11:09:56.440  INFO: Server id: 1BD809FA-AWHW8ct9-T_TB3XqouNu
11:09:56.662  INFO: Loading required plugins
11:09:56.662  INFO: Load plugins index
11:09:56.832  INFO: Load plugins index (done) | time=169ms
11:09:56.832  INFO: Load/download plugins
11:09:56.895  INFO: Load/download plugins (done) | time=62ms
11:09:57.138  INFO: Loaded core extensions: a3s, architecture, sca
11:09:57.448  INFO: Inferred api base url 'https://api.sonarcloud.io' from host url 'https://sonarcloud.io'.
11:09:57.654  INFO: Inferred api base url 'https://api.sonarcloud.io' from host url 'https://sonarcloud.io'.
11:09:57.936  INFO: Process project properties
11:10:01.529  INFO: Project key: watson2_moh-pidp
11:10:01.529  INFO: Base dir: C:\Users\danew\repo\bcgov\moh-pidp
11:10:01.529  INFO: Working dir: C:\Users\danew\repo\bcgov\moh-pidp\.sonarqube\out\.sonar
11:10:01.535  INFO: Load project settings for component key: 'watson2_moh-pidp'
11:10:01.727  INFO: Failed to load settings with NOT_FOUND error, which can happen if the project does not exist yet
11:10:01.737  INFO: Inferred api base url 'https://api.sonarcloud.io' from host url 'https://sonarcloud.io'.
11:10:01.741  INFO: Check ALM binding of project 'watson2_moh-pidp'
11:10:01.893  WARNING: WARN: Failed to check if project 'watson2_moh-pidp' is bound
11:10:01.893  INFO: Detected project binding: ERROR
11:10:01.894  INFO: Check ALM binding of project 'watson2_moh-pidp' (done) | time=152ms
11:10:01.897  INFO: Load branch configuration
11:10:01.898  INFO: Load branch configuration (done) | time=1ms
11:10:01.900  INFO: Inferred api base url 'https://api.sonarcloud.io' from host url 'https://sonarcloud.io'.
11:10:01.901  INFO: Create analysis
